subjid,country,normal_vision,hispanic,race,color_blind,gender,education_level,fluent_english,household_income,dob
d2YvnIb1SzT5XLred,United States,Yes,No,Caucasian/White,No,Male,High School Diploma (A-levels),Yes,"$40,000–$59,999",1990-02-28
GaoxGQc1Xmby2bred,United States,Yes,No,Caucasian/White,No,Female,Undergraduate Degree (BA/BS/Other),Yes,"$300,000–$399,999",1991-07-22
TivIAtz1sWuRopred,United States,Yes,No,Caucasian/White,No,Male,,Yes,"$40,000–$59,999",1953-03-08
Z7SpYO22HIBbPMpurple,United States,Yes,No,Asian,No,Male,Undergraduate Degree (BA/BS/Other),Yes,"$60,000–$79,999",1992-08-26
RophlMz2pnT4Tjpurple,United States,Yes,No,Caucasian/White,No,Female,Technical/Community College,Yes,"$60,000–$79,999",1960-11-09
orGrN0W4PmMnXYred,United States,Yes,No,Caucasian/White,No,Female,Technical/Community College,Yes,"$40,000–$59,999",2001-04-04
AGOdVu74gfVMP7red,United States,Yes,No,Caucasian/White,No,Female,Technical/Community College,Yes,"Less than $20,000",1991-05-17
eoMZxUK4khXpzfpurple,United States,Yes,No,Mixed Race,No,Female,Undergraduate Degree (BA/BS/Other),Yes,"$20,000–$39,999",1999-10-22
XckY2QM5ENLITAred,United States,Yes,No,Caucasian/White,No,Female,Technical/Community College,Yes,"$40,000–$59,999",2002-02-26
eySzqtn656jetdpurple,United States,Yes,No,Caucasian/White,No,Male,High School Diploma (A-levels),Yes,"$20,000–$39,999",1990-03-25
m3SlY7K65mcVAIpurple,United States,Yes,No,Caucasian/White,No,Male,Undergraduate Degree (BA/BS/Other),Yes,"$60,000–$79,999",1995-06-19
N8ksNmv6G4q0ompurple,United States,Yes,No,Caucasian/White,No,Female,Technical/Community College,Yes,"$40,000–$59,999",1954-10-11
Sk5lsLH6JKqClzred,United States,Yes,No,Caucasian/White,No,Male,Graduate Degree (MA/MS/MPhil/Other),Yes,"$80,000–$99,999",1959-01-11
kyAtOR47CAXO01red,United States,Yes,No,Caucasian/White,No,Female,Undergraduate Degree (BA/BS/Other),Yes,"$40,000–$59,999",1980-06-19
jbpUv1U7IFVn3Vpurple,United States,Yes,No,Caucasian/White,No,Female,High School Diploma (A-levels),Yes,"$20,000–$39,999",1980-05-08
wICtidB7fjEuEupurple,United States,Yes,No,Caucasian/White,No,Female,Secondary Education (ie. GED/GCSE),Yes,"$20,000–$39,999",1993-03-04
GIpt06E7scyQAspurple,United States,Yes,Yes,Mixed Race,No,Male,Undergraduate Degree (BA/BS/Other),Yes,"$20,000–$39,999",1991-05-21
mYSqMHv81XrAojred,United States,Yes,No,Caucasian/White,No,Female,High School Diploma (A-levels),Yes,"$60,000–$79,999",1984-01-18
R2Slnye8Cyp1Qcred,United States,Yes,No,Caucasian/White,No,Female,Graduate Degree (MA/MS/MPhil/Other),Yes,"$100,000–$199,999",1959-12-02
ZXML2nj8JylBELred,United States,Yes,No,Caucasian/White,No,Female,High School Diploma (A-levels),Yes,"$40,000–$59,999",1992-08-20
HJiQI8l8ixj7ZQred,,Yes,No,Caucasian/White,No,Male,,Yes,,1994-01-25
9L0u3N594S7Tk5purple,United States,Yes,No,Caucasian/White,No,Female,Graduate Degree (MA/MS/MPhil/Other),Yes,"$80,000–$99,999",1992-04-13
LzSp6319Cfrr4opurple,United States,Yes,No,Mixed Race,No,Female,High School Diploma (A-levels),Yes,"$20,000–$39,999",2004-02-04
9L0u3N594S7Tk5red,United States,Yes,Yes,Caucasian/White,No,Male,High School Diploma (A-levels),Yes,"$20,000–$39,999",1990-01-02
g6Upbjw9ndtUvWpurple,United States,Yes,No,Caucasian/White,No,Male,Technical/Community College,Yes,"$60,000–$79,999",1968-10-22
a4t2VPZA11vQidpurple,United States,Yes,No,Black/African American,No,Female,Undergraduate Degree (BA/BS/Other),Yes,"$60,000–$79,999",1982-10-01
AGOdVu74gfVMP7purple,United States,Yes,No,Caucasian/White,Yes,Female,High School Diploma (A-levels),Yes,"$20,000–$39,999",1964-03-07
L2xJ1iWAIp1Lc5purple,United States,Yes,No,Caucasian/White,No,Male,High School Diploma (A-levels),Yes,"$40,000–$59,999",1990-08-21
OmgEQJhArEcn1gred,United States,Yes,No,Caucasian/White,No,Male,Undergraduate Degree (BA/BS/Other),Yes,"$60,000–$79,999",1973-06-25
nCNU1gIAwXwaNjpurple,United States,Yes,No,Caucasian/White,No,Male,Undergraduate Degree (BA/BS/Other),Yes,"$20,000–$39,999",1996-12-13
LLlh0LYAxsUnaered,United States,Yes,No,Asian,No,Male,Undergraduate Degree (BA/BS/Other),Yes,"$80,000–$99,999",1996-04-29
Guo72GsAyCT2Ppred,United States,Yes,No,Caucasian/White,No,Male,High School Diploma (A-levels),Yes,"$40,000–$59,999",1983-06-15
XPEC7FMBuuCPirpurple,United States,Yes,No,Caucasian/White,No,Male,Technical/Community College,Yes,"$60,000–$79,999",1955-01-14
pqzVgpvBxeWX95purple,United States,Yes,No,Black/African American,No,Female,Graduate Degree (MA/MS/MPhil/Other),Yes,"$100,000–$199,999",1961-09-09
DJyWGrmCI4hedopurple,United States,Yes,No,Caucasian/White,No,Male,Technical/Community College,Yes,"Less than $20,000",1979-12-09
DJyWGrmCI4hedored,United States,Yes,No,Caucasian/White,No,Female,Undergraduate Degree (BA/BS/Other),Yes,"$100,000–$199,999",1963-12-03
yoZ6vpODYaJIyopurple,United States,Yes,Yes,Caucasian/White,No,Male,Technical/Community College,Yes,"$80,000–$99,999",2001-03-19
cea8hSnEkGlya1purple,United States,Yes,No,Caucasian/White,No,Male,Undergraduate Degree (BA/BS/Other),Yes,"$40,000–$59,999",1985-01-09
YBWIqz1EycDN60purple,United States,Yes,No,Caucasian/White,No,Male,High School Diploma (A-levels),Yes,"Less than $20,000",1974-02-02
b1R4Q8GF2ktTCZred,,Yes,No,Caucasian/White,No,Male,,Yes,,1997-03-14
GIpt06E7scyQAsred,United States,Yes,No,Caucasian/White,No,Male,Undergraduate Degree (BA/BS/Other),Yes,"$80,000–$99,999",1985-01-29
GaoxGQc1Xmby2bpurple,United States,Yes,No,Black/African American,No,Male,High School Diploma (A-levels),Yes,"$40,000–$59,999",1986-04-05
Guo72GsAyCT2Pppurple,United States,Yes,No,Caucasian/White,No,Male,Technical/Community College,Yes,"$40,000–$59,999",1973-08-26
clx9egCH9BD66tpurple,United States,Yes,No,Caucasian/White,No,Female,Technical/Community College,Yes,"$100,000–$199,999",1963-10-27
HJiQI8l8ixj7ZQpurple,United States,Yes,No,Asian,No,Female,Graduate Degree (MA/MS/MPhil/Other),Yes,"$60,000–$79,999",1988-03-08
mq25Ud0HilaEHMred,United States,Yes,No,Caucasian/White,No,Female,Undergraduate Degree (BA/BS/Other),Yes,"$80,000–$99,999",
ZCt3dSGHyf9oWxred,United States,Yes,No,Caucasian/White,No,Male,High School Diploma (A-levels),Yes,"$40,000–$59,999",1988-04-17
nBkV82AICknxGhred,United States,Yes,No,Caucasian/White,No,Male,Undergraduate Degree (BA/BS/Other),Yes,"$40,000–$59,999",1989-10-29
ODyDBwJIrDmnmared,United States,Yes,No,Caucasian/White,No,Male,Technical/Community College,Yes,"Less than $20,000",1964-09-18
YTLpZxpJ8wFKYnpurple,United States,Yes,No,Caucasian/White,No,Female,Technical/Community College,Yes,"Less than $20,000",1986-05-18
RV6SiTvJDsGKG9red,United States,Yes,No,Caucasian/White,No,Male,High School Diploma (A-levels),Yes,"Less than $20,000",1995-08-18
JTrMDviJOqSWLmred,United States,Yes,No,Caucasian/White,No,Male,Graduate Degree (MA/MS/MPhil/Other),Yes,"$80,000–$99,999",1970-05-05
JTrMDviJOqSWLmpurple,United States,Yes,No,Asian,No,Male,Graduate Degree (MA/MS/MPhil/Other),Yes,"$200,000–$299,999",1982-02-02
woxKliqKtIfd83red,United States,Yes,No,Caucasian/White,No,Female,Graduate Degree (MA/MS/MPhil/Other),Yes,"$100,000–$199,999",1970-04-21
L2xJ1iWAIp1Lc5red,United States,Yes,No,Caucasian/White,No,Male,High School Diploma (A-levels),Yes,"$20,000–$39,999",1985-08-05
LLlh0LYAxsUnaepurple,United States,Yes,No,Caucasian/White,No,Female,High School Diploma (A-levels),Yes,I prefer not to answer,
MnUx0OULOzy46vpurple,United States,No,No,Caucasian/White,No,Female,Graduate Degree (MA/MS/MPhil/Other),Yes,"$100,000–$199,999",1954-06-06
mY2ThHGLZfMrwCred,United States,Yes,No,Caucasian/White,No,Male,Doctorate Degree (PhD/Other),Yes,"$80,000–$99,999",1996-02-22
LzSp6319Cfrr4ored,United States,Yes,No,Mixed Race,No,Male,Undergraduate Degree (BA/BS/Other),Yes,"$60,000–$79,999",1985-03-10
lsFCn1XMbjkQlMpurple,United States,Yes,No,Caucasian/White,No,Female,Undergraduate Degree (BA/BS/Other),Yes,"$40,000–$59,999",1965-02-21
SMBqTPtMeJmnqRred,United States,Yes,No,Caucasian/White,No,Female,High School Diploma (A-levels),Yes,"Less than $20,000",1991-05-17
lYmChdJMknpHlwred,United States,Yes,No,Caucasian/White,No,Female,Graduate Degree (MA/MS/MPhil/Other),Yes,"$100,000–$199,999",1997-12-17
MnUx0OULOzy46vred,United States,Yes,No,Caucasian/White,No,Other,High School Diploma (A-levels),Yes,"$40,000–$59,999",1992-05-21
N8ksNmv6G4q0omred,United States,Yes,No,Caucasian/White,No,Female,Technical/Community College,Yes,"$80,000–$99,999",1964-10-20
ofrwBLQNLeNuCOred,United States,Yes,No,Caucasian/White,No,Female,High School Diploma (A-levels),Yes,"$40,000–$59,999",1990-09-15
l8bDK3aO8wGxbQred,United States,Yes,No,Caucasian/White,No,Female,Undergraduate Degree (BA/BS/Other),Yes,"$60,000–$79,999",2001-12-08
ODyDBwJIrDmnmapurple,United States,Yes,No,Caucasian/White,No,Female,Doctorate Degree (PhD/Other),Yes,"$80,000–$99,999",1957-12-01
bSxiPUDOjnyQuFpurple,United States,Yes,No,Caucasian/White,No,Male,Technical/Community College,No,"$20,000–$39,999",1975-12-18
OmgEQJhArEcn1gpurple,United States,Yes,No,Caucasian/White,No,Male,Graduate Degree (MA/MS/MPhil/Other),Yes,"$60,000–$79,999",1986-10-03
mJ9fjlcP23idAZred,United States,Yes,No,Black/African American,No,Female,Technical/Community College,Yes,"$20,000–$39,999",1984-11-27
gsABAaOP8uOiCMred,United States,Yes,No,Asian,No,Female,Undergraduate Degree (BA/BS/Other),Yes,"$40,000–$59,999",1983-02-12
WS4jHMiQ5Wvznvpurple,United States,Yes,No,Caucasian/White,No,Male,Undergraduate Degree (BA/BS/Other),Yes,"$300,000–$399,999",1963-01-05
nmHvJd8QHSgYaNred,United States,Yes,No,Black/African American,No,Male,Undergraduate Degree (BA/BS/Other),Yes,"$100,000–$199,999",1990-11-29
nSG6vfzQRyWkT5red,United States,Yes,Yes,Mixed Race,No,Male,Undergraduate Degree (BA/BS/Other),Yes,"$20,000–$39,999",1968-06-14
tifOihlQXXepB0purple,United States,Yes,No,Caucasian/White,No,Other,Undergraduate Degree (BA/BS/Other),Yes,"$40,000–$59,999",1989-08-29
smzTCpjQjzO75wpurple,United States,Yes,No,Caucasian/White,No,Female,Graduate Degree (MA/MS/MPhil/Other),Yes,"$80,000–$99,999",1976-08-15
R2Slnye8Cyp1Qcpurple,United States,Yes,No,Caucasian/White,No,Male,High School Diploma (A-levels),Yes,"$20,000–$39,999",1979-07-22
RV6SiTvJDsGKG9purple,United States,Yes,No,Caucasian/White,No,Female,Undergraduate Degree (BA/BS/Other),Yes,"Less than $20,000",1964-03-10
RophlMz2pnT4Tjred,United States,Yes,No,Caucasian/White,No,Male,High School Diploma (A-levels),Yes,"$20,000–$39,999",1982-01-21
SMBqTPtMeJmnqRpurple,United States,Yes,No,Caucasian/White,No,Male,Undergraduate Degree (BA/BS/Other),Yes,"$40,000–$59,999",1991-01-22
Sk5lsLH6JKqClzpurple,United States,Yes,No,Caucasian/White,No,Female,High School Diploma (A-levels),Yes,"$20,000–$39,999",1967-07-14
ryO9MvOSq3ZQUtred,United States,Yes,No,Caucasian/White,No,Female,Undergraduate Degree (BA/BS/Other),Yes,"$20,000–$39,999",1999-02-24
fTeRNTUSx26CsCpurple,United States,Yes,No,Caucasian/White,No,Female,Graduate Degree (MA/MS/MPhil/Other),Yes,"$100,000–$199,999",1980-11-07
TivIAtz1sWuRoppurple,United States,Yes,Yes,Caucasian/White,No,Female,Technical/Community College,Yes,"Less than $20,000",1974-11-24
oGOi0GITrDQ7sppurple,United States,Yes,No,Asian,No,Female,Undergraduate Degree (BA/BS/Other),Yes,I prefer not to answer,1990-11-07
vxEsTrKUTqQqosred,United States,Yes,No,Caucasian/White,No,Male,Technical/Community College,Yes,"$40,000–$59,999",1986-02-08
pE0Aw88UbECQ9zred,United States,Yes,No,Asian,No,Male,Undergraduate Degree (BA/BS/Other),Yes,"$60,000–$79,999",2002-10-21
pAXCOtBVeqYqaCred,United States,Yes,No,Caucasian/White,No,Male,Undergraduate Degree (BA/BS/Other),Yes,"$80,000–$99,999",1996-05-05
rkc6hRyVkFgFu2red,United States,Yes,No,Black/African American,No,Male,Technical/Community College,Yes,"$40,000–$59,999",1997-04-26
ZCyWpcTWCd7jgppurple,United States,Yes,No,Mixed Race,No,Male,Technical/Community College,Yes,"$200,000–$299,999",1995-06-09
WS4jHMiQ5Wvznvred,United States,Yes,No,Black/African American,No,Female,Technical/Community College,Yes,"$20,000–$39,999",1987-03-24
ge72bi8WT37W4Ppurple,United States,Yes,No,Caucasian/White,No,Male,Technical/Community College,Yes,"Less than $20,000",1990-02-01
tk9UcqRWbZZjmbred,United States,Yes,No,Caucasian/White,No,Male,Undergraduate Degree (BA/BS/Other),Yes,"$80,000–$99,999",1963-07-30
onQVTbxWfNm9z8purple,United States,Yes,No,Black/African American,No,Female,Undergraduate Degree (BA/BS/Other),Yes,"Less than $20,000",1978-10-14
f6Lw9cmXJxY5o9purple,United States,Yes,No,Caucasian/White,No,Female,Technical/Community College,Yes,"$60,000–$79,999",1971-12-06
lkNrIbKXLPIT0ipurple,United States,Yes,Yes,Caucasian/White,No,Female,Technical/Community College,Yes,"$40,000–$59,999",2002-03-10
XPEC7FMBuuCPirred,United States,Yes,No,Caucasian/White,No,Male,Graduate Degree (MA/MS/MPhil/Other),Yes,"$100,000–$199,999",1965-02-17
aV3wUjPXaxYIFkpurple,United States,Yes,No,Black/African American,No,Male,Technical/Community College,Yes,"$20,000–$39,999",1991-04-17
XckY2QM5ENLITApurple,United States,Yes,No,Caucasian/White,No,Female,Undergraduate Degree (BA/BS/Other),Yes,"$100,000–$199,999",1984-04-01
YBWIqz1EycDN60red,United States,Yes,No,Caucasian/White,No,Female,High School Diploma (A-levels),Yes,"$20,000–$39,999",1983-04-08
YTLpZxpJ8wFKYnred,United States,Yes,No,Asian,No,Female,Graduate Degree (MA/MS/MPhil/Other),Yes,"$20,000–$39,999",1982-11-01
nEXaxjOYd2uIz2red,United States,Yes,No,Mixed Race,No,Male,No Formal Qualifications,Yes,"$20,000–$39,999",1997-05-22
Zisun9RYqiYFiKred,United States,Yes,No,Caucasian/White,No,Male,Undergraduate Degree (BA/BS/Other),Yes,"$60,000–$79,999",1967-05-09
Z7SpYO22HIBbPMred,United States,Yes,No,Asian,No,Male,Graduate Degree (MA/MS/MPhil/Other),Yes,"$60,000–$79,999",1986-03-10
ZCt3dSGHyf9oWxpurple,United States,Yes,No,Caucasian/White,No,Male,Graduate Degree (MA/MS/MPhil/Other),Yes,"$80,000–$99,999",1987-06-25
ZCyWpcTWCd7jgpred,United States,Yes,No,Caucasian/White,No,Female,Undergraduate Degree (BA/BS/Other),Yes,"$20,000–$39,999",1962-12-17
ZXML2nj8JylBELpurple,United States,Yes,No,Caucasian/White,No,Male,Undergraduate Degree (BA/BS/Other),Yes,"$80,000–$99,999",1991-01-29
Zisun9RYqiYFiKpurple,United States,Yes,No,Caucasian/White,No,Male,Undergraduate Degree (BA/BS/Other),Yes,"$60,000–$79,999",1994-03-22
a4t2VPZA11vQidred,United States,Yes,No,Caucasian/White,No,Male,Technical/Community College,Yes,"$100,000–$199,999",1975-11-09
aV3wUjPXaxYIFkred,United States,Yes,No,Caucasian/White,No,Female,Undergraduate Degree (BA/BS/Other),Yes,"$100,000–$199,999",1984-11-01
b1R4Q8GF2ktTCZpurple,United States,Yes,Yes,Caucasian/White,No,Male,Technical/Community College,Yes,"$20,000–$39,999",1978-07-03
vqrBAUHbGaXO53red,United States,Yes,No,Caucasian/White,No,Male,Undergraduate Degree (BA/BS/Other),Yes,"$20,000–$39,999",1983-03-29
vA7UGvybSQysyDpurple,United States,Yes,Yes,Mixed Race,No,Male,High School Diploma (A-levels),Yes,"Less than $20,000",1991-05-18
bSxiPUDOjnyQuFred,United States,Yes,No,Caucasian/White,No,Male,High School Diploma (A-levels),Yes,"$40,000–$59,999",1991-04-01
cSRsRtAbohj0hLred,United States,Yes,No,Caucasian/White,No,Male,High School Diploma (A-levels),Yes,"Less than $20,000",1974-01-02
cSRsRtAbohj0hLpurple,United States,Yes,No,Caucasian/White,No,Male,Graduate Degree (MA/MS/MPhil/Other),Yes,"$200,000–$299,999",1971-05-11
cea8hSnEkGlya1red,United States,Yes,No,Caucasian/White,No,Female,Technical/Community College,Yes,"Less than $20,000",1987-04-29
q0pOdv5cgccRxJred,United States,Yes,No,Caucasian/White,No,Male,High School Diploma (A-levels),Yes,"$40,000–$59,999",1999-12-23
clx9egCH9BD66tred,United States,Yes,No,Caucasian/White,No,Female,Undergraduate Degree (BA/BS/Other),Yes,"$40,000–$59,999",1987-06-13
d2YvnIb1SzT5XLpurple,United States,Yes,No,Caucasian/White,No,Male,Graduate Degree (MA/MS/MPhil/Other),Yes,"$20,000–$39,999",1981-10-31
saQjVVcdrtHlWcpurple,United States,Yes,Yes,Caucasian/White,No,Male,No Formal Qualifications,Yes,"$20,000–$39,999",1999-06-19
eoMZxUK4khXpzfred,United States,Yes,No,Caucasian/White,No,Male,Graduate Degree (MA/MS/MPhil/Other),Yes,"$20,000–$39,999",1994-12-14
xGio19veqpXLXCred,United States,Yes,No,Caucasian/White,No,Male,High School Diploma (A-levels),Yes,"$100,000–$199,999",1998-09-08
eySzqtn656jetdred,United States,Yes,No,Mixed Race,No,Male,Technical/Community College,Yes,"$40,000–$59,999",1978-10-22
uccX8B5f0br2b8red,United States,No,No,Asian,No,Male,Undergraduate Degree (BA/BS/Other),Yes,"$60,000–$79,999",1992-08-15
f6Lw9cmXJxY5o9red,United States,Yes,No,Caucasian/White,No,Female,Doctorate Degree (PhD/Other),Yes,"$100,000–$199,999",1978-07-01
fTeRNTUSx26CsCred,United States,Yes,No,Caucasian/White,No,Female,Technical/Community College,Yes,"$40,000–$59,999",1967-01-08
qVyVTWrfztcGarpurple,United States,Yes,No,Caucasian/White,No,Female,Technical/Community College,Yes,"$20,000–$39,999",1972-10-24
g6Upbjw9ndtUvWred,United States,Yes,No,Caucasian/White,No,Male,Graduate Degree (MA/MS/MPhil/Other),No,"$60,000–$79,999",1988-05-15
ge72bi8WT37W4Pred,United States,Yes,No,Caucasian/White,No,Male,High School Diploma (A-levels),Yes,"$20,000–$39,999",1989-08-04
gsABAaOP8uOiCMpurple,United States,Yes,No,Caucasian/White,No,Female,Technical/Community College,Yes,"$40,000–$59,999",1952-07-08
zRNUjyaiWBgEP0purple,United States,Yes,Yes,Mixed Race,No,Female,High School Diploma (A-levels),Yes,"Less than $20,000",2004-05-25
jbpUv1U7IFVn3Vred,United States,Yes,No,Caucasian/White,No,Male,Technical/Community College,Yes,"$40,000–$59,999",1988-06-23
o3TlRoAkJBHNVZpurple,United States,Yes,No,Caucasian/White,No,Female,Undergraduate Degree (BA/BS/Other),Yes,"$80,000–$99,999",1974-09-08
kyAtOR47CAXO01purple,United States,Yes,No,Caucasian/White,No,Male,Technical/Community College,Yes,"Less than $20,000",1996-01-09
l8bDK3aO8wGxbQpurple,United States,Yes,No,Caucasian/White,No,Male,Technical/Community College,Yes,"$100,000–$199,999",2001-12-28
lYmChdJMknpHlwpurple,United States,Yes,No,Caucasian/White,No,Male,Undergraduate Degree (BA/BS/Other),Yes,"$400,000–$499,999",1993-04-07
lkNrIbKXLPIT0ired,United States,Yes,No,Asian,No,Male,Undergraduate Degree (BA/BS/Other),Yes,"$60,000–$79,999",1999-11-24
lsFCn1XMbjkQlMred,United States,Yes,No,Asian,No,Male,Undergraduate Degree (BA/BS/Other),Yes,"$80,000–$99,999",1989-09-07
m3SlY7K65mcVAIred,United States,Yes,No,Caucasian/White,No,Female,Undergraduate Degree (BA/BS/Other),Yes,"$40,000–$59,999",1988-02-09
mJ9fjlcP23idAZpurple,United States,Yes,No,Caucasian/White,No,Male,High School Diploma (A-levels),Yes,"$40,000–$59,999",1976-12-11
tgXnJilmKnniRspurple,United States,Yes,No,Caucasian/White,No,Male,No Formal Qualifications,Yes,I prefer not to answer,2004-01-13
mY2ThHGLZfMrwCpurple,United States,Yes,No,Black/African American,No,Female,Undergraduate Degree (BA/BS/Other),Yes,"$40,000–$59,999",
mYSqMHv81XrAojpurple,United States,Yes,No,Caucasian/White,No,Female,Undergraduate Degree (BA/BS/Other),Yes,"$100,000–$199,999",1990-11-24
mq25Ud0HilaEHMpurple,United States,Yes,No,Asian,No,Male,Undergraduate Degree (BA/BS/Other),Yes,"$60,000–$79,999",2000-03-20
nBkV82AICknxGhpurple,United States,Yes,No,Caucasian/White,No,Female,Undergraduate Degree (BA/BS/Other),Yes,"$100,000–$199,999",1977-12-03
nCNU1gIAwXwaNjred,United States,Yes,No,Caucasian/White,No,Female,High School Diploma (A-levels),Yes,"$20,000–$39,999",1976-01-24
nEXaxjOYd2uIz2purple,United States,Yes,No,Caucasian/White,No,Male,High School Diploma (A-levels),Yes,"$20,000–$39,999",1988-07-11
nSG6vfzQRyWkT5purple,United States,Yes,No,Caucasian/White,No,Male,High School Diploma (A-levels),Yes,"$20,000–$39,999",1979-05-14
nmHvJd8QHSgYaNpurple,United States,Yes,No,Caucasian/White,No,Female,High School Diploma (A-levels),Yes,"$100,000–$199,999",1963-05-28
o3TlRoAkJBHNVZred,United States,Yes,No,Caucasian/White,No,Female,High School Diploma (A-levels),Yes,"$20,000–$39,999",1997-02-11
oGOi0GITrDQ7spred,United States,Yes,No,Caucasian/White,No,Male,High School Diploma (A-levels),Yes,"$80,000–$99,999",1967-09-12
ofrwBLQNLeNuCOpurple,United States,Yes,No,Black/African American,No,Female,Undergraduate Degree (BA/BS/Other),Yes,"Less than $20,000",1954-02-01
onQVTbxWfNm9z8red,United States,Yes,No,Caucasian/White,No,Male,Undergraduate Degree (BA/BS/Other),Yes,I prefer not to answer,1968-08-10
orGrN0W4PmMnXYpurple,United States,Yes,No,Caucasian/White,No,Male,Technical/Community College,Yes,"$300,000–$399,999",1991-05-19
pAXCOtBVeqYqaCpurple,United States,Yes,No,Mixed Race,No,Male,Undergraduate Degree (BA/BS/Other),Yes,"Less than $20,000",1976-11-01
pE0Aw88UbECQ9zpurple,United States,Yes,No,Caucasian/White,No,Male,Graduate Degree (MA/MS/MPhil/Other),Yes,"$80,000–$99,999",1970-12-23
pqzVgpvBxeWX95red,United States,Yes,No,Asian,Yes,Male,Undergraduate Degree (BA/BS/Other),Yes,"$60,000–$79,999",1993-08-07
q0pOdv5cgccRxJpurple,United States,Yes,No,Asian,No,Female,Undergraduate Degree (BA/BS/Other),Yes,I don’t know,2000-01-30
yOIPc2hq9cwTcppurple,United States,Yes,No,Caucasian/White,No,Male,High School Diploma (A-levels),Yes,"$20,000–$39,999",2001-06-22
qVyVTWrfztcGarred,United States,Yes,No,Caucasian/White,No,Male,Undergraduate Degree (BA/BS/Other),Yes,"$60,000–$79,999",1994-09-12
yOY40J4qWxVxA1red,United States,Yes,No,Black/African American,No,Male,Graduate Degree (MA/MS/MPhil/Other),Yes,"$20,000–$39,999",1986-10-02
rBgdvsFqpyEZPOred,United States,Yes,No,Caucasian/White,No,Female,Undergraduate Degree (BA/BS/Other),Yes,"$40,000–$59,999",1995-09-21
rBgdvsFqpyEZPOpurple,United States,Yes,No,Caucasian/White,No,Male,Technical/Community College,Yes,"$60,000–$79,999",1989-07-07
rkc6hRyVkFgFu2purple,United States,Yes,No,Caucasian/White,No,Male,Technical/Community College,Yes,"$20,000–$39,999",1987-03-24
ryO9MvOSq3ZQUtpurple,United States,Yes,No,Caucasian/White,No,Male,Graduate Degree (MA/MS/MPhil/Other),Yes,"$100,000–$199,999",1987-09-27
saQjVVcdrtHlWcred,United States,Yes,No,Caucasian/White,No,Male,Undergraduate Degree (BA/BS/Other),Yes,"$80,000–$99,999",1977-01-21
smzTCpjQjzO75wred,United States,Yes,No,Caucasian/White,No,Female,High School Diploma (A-levels),Yes,"Less than $20,000",1989-08-16
tgXnJilmKnniRsred,United States,Yes,No,Caucasian/White,No,Male,Graduate Degree (MA/MS/MPhil/Other),Yes,"$20,000–$39,999",1953-09-01
tifOihlQXXepB0red,United States,Yes,No,Caucasian/White,No,Male,High School Diploma (A-levels),Yes,"Less than $20,000",1972-08-30
tk9UcqRWbZZjmbpurple,United States,Yes,Yes,Caucasian/White,No,Female,Technical/Community College,Yes,"$40,000–$59,999",1975-09-18
uccX8B5f0br2b8purple,United States,Yes,No,Caucasian/White,No,Female,Technical/Community College,Yes,"Less than $20,000",1990-02-11
vA7UGvybSQysyDred,United States,Yes,No,Asian,No,Female,Undergraduate Degree (BA/BS/Other),Yes,"$100,000–$199,999",1988-01-04
vqrBAUHbGaXO53purple,United States,Yes,No,Caucasian/White,No,Female,Technical/Community College,Yes,"$80,000–$99,999",1986-07-21
vxEsTrKUTqQqospurple,United States,Yes,No,Caucasian/White,No,Male,Technical/Community College,Yes,"$100,000–$199,999",1977-04-02
wICtidB7fjEuEured,United States,Yes,Yes,Native American,No,Female,Undergraduate Degree (BA/BS/Other),Yes,"$60,000–$79,999",1984-01-03
woxKliqKtIfd83purple,United States,Yes,No,Caucasian/White,No,Male,High School Diploma (A-levels),Yes,"Less than $20,000",1982-10-19
xGio19veqpXLXCpurple,United States,Yes,No,Caucasian/White,No,Female,High School Diploma (A-levels),Yes,"$20,000–$39,999",1993-12-08
yOIPc2hq9cwTcpred,United States,Yes,No,Caucasian/White,No,Female,Undergraduate Degree (BA/BS/Other),Yes,"$80,000–$99,999",2003-05-10
yOY40J4qWxVxA1purple,United States,Yes,No,Black/African American,No,Female,Technical/Community College,Yes,"$60,000–$79,999",1994-10-01
yoZ6vpODYaJIyored,United States,Yes,No,Asian,No,Male,Undergraduate Degree (BA/BS/Other),Yes,"$20,000–$39,999",1986-09-02
zRNUjyaiWBgEP0red,United States,Yes,No,Caucasian/White,No,Male,Undergraduate Degree (BA/BS/Other),Yes,"$40,000–$59,999",1994-02-16
A9f87dW16vP5cIpurple,United States,Yes,Yes,Caucasian/White,No,Male,Undergraduate Degree (BA/BS/Other),Yes,"$100,000–$199,999",1970-01-18
J6HDr7j8Eerd86purple,United States,Yes,No,Caucasian/White,No,Male,Undergraduate Degree (BA/BS/Other),Yes,"$100,000–$199,999",1984-09-01
ehbYdmt9iiMOvVpurple,United States,Yes,No,Caucasian/White,No,Male,Undergraduate Degree (BA/BS/Other),Yes,"$60,000–$79,999",1960-07-02
A9f87dW16vP5cIred,United States,Yes,No,Caucasian/White,No,Female,High School Diploma (A-levels),Yes,"$40,000–$59,999",1990-02-06
J6HDr7j8Eerd86red,United States,Yes,Yes,Caucasian/White,No,Male,Secondary Education (ie. GED/GCSE),Yes,"$60,000–$79,999",1992-01-14
cAwC1TGSkrbnojred,United States,Yes,No,Caucasian/White,No,Male,Graduate Degree (MA/MS/MPhil/Other),Yes,"$400,000–$499,999",1981-12-30
w3KYmUFUbws8ibpurple,United States,Yes,No,Caucasian/White,No,Female,Graduate Degree (MA/MS/MPhil/Other),Yes,"$100,000–$199,999",1981-12-28
cAwC1TGSkrbnojpurple,United States,Yes,No,Asian,No,Female,Undergraduate Degree (BA/BS/Other),Yes,"$80,000–$99,999",1989-08-27
ehbYdmt9iiMOvVred,United States,Yes,No,Black/African American,No,Male,Undergraduate Degree (BA/BS/Other),Yes,"$20,000–$39,999",1989-12-11
w3KYmUFUbws8ibred,United States,Yes,No,Asian,No,Male,Undergraduate Degree (BA/BS/Other),Yes,"$100,000–$199,999",1990-08-30
DnYnqep04VmuqXpurple,United States,Yes,No,Caucasian/White,No,Female,High School Diploma (A-levels),Yes,"$40,000–$59,999",1997-01-27
joVZzg508p20O8red,United States,Yes,No,Asian,No,Male,Undergraduate Degree (BA/BS/Other),Yes,"$100,000–$199,999",1990-06-30
G9PSkay14LWhVopurple,United States,Yes,No,Caucasian/White,No,Male,High School Diploma (A-levels),Yes,"$100,000–$199,999",2002-08-01
s1l3iQC1AEnUJ5purple,United States,Yes,No,Asian,No,Male,Technical/Community College,Yes,"$100,000–$199,999",1988-10-15
cZ2Vm2T1IneMtapurple,United States,Yes,Yes,Caucasian/White,No,Male,High School Diploma (A-levels),Yes,"$20,000–$39,999",1998-05-23
4ISIiFA1J99JScred,United States,Yes,No,Mixed Race,No,Male,Undergraduate Degree (BA/BS/Other),Yes,"$80,000–$99,999",1992-05-14
DmpVBEJ1KtUGx2red,United States,Yes,No,Caucasian/White,No,Male,Graduate Degree (MA/MS/MPhil/Other),Yes,"$500,000+",1963-11-11
8vpplWa1LA4tuJred,United States,Yes,No,Caucasian/White,No,Male,High School Diploma (A-levels),Yes,I prefer not to answer,1987-05-16
YlscJqG1VAqfiKred,United States,Yes,No,Caucasian/White,No,Male,Graduate Degree (MA/MS/MPhil/Other),Yes,"$80,000–$99,999",1996-04-22
At5uLcV1gpuWFxpurple,United States,Yes,No,Caucasian/White,No,Other,Undergraduate Degree (BA/BS/Other),Yes,"$20,000–$39,999",1997-07-20
P1QGEaN1plCNcGred,United States,Yes,No,Caucasian/White,No,Female,Undergraduate Degree (BA/BS/Other),Yes,"$80,000–$99,999",1999-02-09
j81Gvcn1qWMp6ppurple,United States,Yes,No,Caucasian/White,No,Male,Undergraduate Degree (BA/BS/Other),Yes,"$40,000–$59,999",1990-10-12
LEfPEyA1vi7QKFred,United States,Yes,No,Caucasian/White,No,Female,Graduate Degree (MA/MS/MPhil/Other),Yes,"$60,000–$79,999",1993-03-31
4zprMdo2BmCTocred,United States,Yes,No,Caucasian/White,No,Male,Undergraduate Degree (BA/BS/Other),Yes,"$80,000–$99,999",1984-04-13
sSDj42w2GOzQgppurple,United States,Yes,No,Caucasian/White,No,Female,High School Diploma (A-levels),Yes,"$20,000–$39,999",1986-04-14
9Ww7oIT2IOq2Z2purple,United States,Yes,No,Caucasian/White,No,Female,Undergraduate Degree (BA/BS/Other),Yes,"$200,000–$299,999",2000-11-04
OBuLvcr2bLTJ9Xred,United States,Yes,,Caucasian/White,No,Male,Undergraduate Degree (BA/BS/Other),Yes,"$80,000–$99,999",1965-01-01
pDgPXGd2o6BWjGred,United States,Yes,No,Caucasian/White,No,Female,High School Diploma (A-levels),Yes,"Less than $20,000",1997-09-17
69qumWi30zt8LBpurple,United States,Yes,No,Caucasian/White,No,Male,Technical/Community College,Yes,"$100,000–$199,999",1988-05-13
8lJhZWe3AcL1vBpurple,United States,Yes,Yes,Caucasian/White,No,Male,No Formal Qualifications,Yes,"$40,000–$59,999",
uyqSL1z3jMSVFDpurple,United States,Yes,No,Asian,No,Male,Undergraduate Degree (BA/BS/Other),Yes,"$60,000–$79,999",1994-07-30
X5wp8pn3jjnYZNpurple,United States,Yes,No,Black/African American,No,Male,Undergraduate Degree (BA/BS/Other),Yes,"$40,000–$59,999",1992-09-15
gLJ5JQY3k3NKsored,United States,Yes,No,Caucasian/White,No,Male,Technical/Community College,Yes,"$100,000–$199,999",1998-03-14
4cKdZNL492Ie0Vred,United States,Yes,No,Caucasian/White,No,Female,Technical/Community College,Yes,"$60,000–$79,999",2003-09-02
mpcGaIj4HGABbbpurple,United States,Yes,No,Caucasian/White,No,Female,High School Diploma (A-levels),Yes,"$20,000–$39,999",1978-09-19
4ISIiFA1J99JScpurple,United States,Yes,Yes,Caucasian/White,No,Male,High School Diploma (A-levels),Yes,"$40,000–$59,999",1997-03-14
ZXaM33h4ObwfWopurple,United States,Yes,No,Caucasian/White,No,Other,Undergraduate Degree (BA/BS/Other),Yes,"$40,000–$59,999",2000-10-01
4cKdZNL492Ie0Vpurple,United States,Yes,No,Caucasian/White,No,Male,Undergraduate Degree (BA/BS/Other),Yes,"$60,000–$79,999",1992-04-03
E7ZN4PY4zC1bwdred,United States,Yes,No,Caucasian/White,No,Female,Undergraduate Degree (BA/BS/Other),Yes,"$100,000–$199,999",1972-01-01
4zprMdo2BmCTocpurple,United States,Yes,No,Caucasian/White,No,Male,High School Diploma (A-levels),Yes,"$20,000–$39,999",1984-01-01
qD1pHXj549qdDJred,United States,Yes,No,Caucasian/White,No,Female,High School Diploma (A-levels),Yes,"$40,000–$59,999",1990-02-06
XMuf3RR57NU3m5purple,United States,Yes,No,Caucasian/White,No,Male,Undergraduate Degree (BA/BS/Other),Yes,"$80,000–$99,999",1980-01-01
X8DGej05HelKX5red,United States,Yes,,Caucasian/White,No,Female,High School Diploma (A-levels),Yes,"Less than $20,000",1994-09-23
Ca0LA3R5gMWqROred,United States,Yes,Yes,Caucasian/White,No,Male,Undergraduate Degree (BA/BS/Other),Yes,"$40,000–$59,999",1989-09-16
NDCsX0J5xy0hPlred,United States,Yes,No,Black/African American,No,Male,High School Diploma (A-levels),Yes,"$20,000–$39,999",1990-03-11
gveKFkS64H1yipred,United States,Yes,No,Caucasian/White,No,Male,Graduate Degree (MA/MS/MPhil/Other),Yes,"$80,000–$99,999",1992-12-09
69qumWi30zt8LBred,United States,Yes,No,Caucasian/White,No,Other,Graduate Degree (MA/MS/MPhil/Other),Yes,"Less than $20,000",1990-04-01
XN0GbPB6FoPUiKpurple,United States,Yes,No,Caucasian/White,No,Female,Technical/Community College,Yes,"$40,000–$59,999",1985-02-15
WfKAXB16bRWIhNpurple,United States,Yes,No,Pacific Islander/Native Hawaiian,No,Male,Undergraduate Degree (BA/BS/Other),Yes,"Less than $20,000",1982-05-12
yNaS2Bq6dttKqLpurple,United States,Yes,No,Caucasian/White,No,Male,Graduate Degree (MA/MS/MPhil/Other),Yes,"$100,000–$199,999",1973-12-08
JZ7WmKj6jM1mPrred,United States,Yes,No,Caucasian/White,No,Male,Undergraduate Degree (BA/BS/Other),Yes,"$60,000–$79,999",1990-02-20
bL56aPv7CiRj88red,United States,Yes,Yes,Mixed Race,Yes,Male,High School Diploma (A-levels),Yes,"$20,000–$39,999",1985-11-02
X0iPMkJ7Liehhgred,United States,Yes,No,Caucasian/White,No,Male,Graduate Degree (MA/MS/MPhil/Other),Yes,"$300,000–$399,999",1984-07-24
AzuOzsa7YRyHF2purple,United States,Yes,No,Asian,No,Male,High School Diploma (A-levels),Yes,"$60,000–$79,999",2001-03-05
vpsp4L77u6fJdopurple,United States,Yes,No,Asian,No,Male,Undergraduate Degree (BA/BS/Other),Yes,"$60,000–$79,999",2000-12-19
YxsTXkl8CaN1X6purple,United States,Yes,No,Caucasian/White,No,Male,Graduate Degree (MA/MS/MPhil/Other),Yes,"$40,000–$59,999",1988-07-23
wsb7znJ8Quf08Gpurple,United States,Yes,No,Caucasian/White,No,Female,Undergraduate Degree (BA/BS/Other),Yes,"$20,000–$39,999",1969-04-23
iyujA2z8Zfkxwsred,United States,Yes,No,Caucasian/White,No,Female,Technical/Community College,Yes,"$20,000–$39,999",1986-04-26
8lJhZWe3AcL1vBred,United States,Yes,No,Caucasian/White,No,Female,Graduate Degree (MA/MS/MPhil/Other),Yes,"$40,000–$59,999",1984-03-25
SjLhgef8nbj9y0red,United States,Yes,Yes,Caucasian/White,No,Male,High School Diploma (A-levels),Yes,"Less than $20,000",1999-04-29
kVw1kRt8nsMuqGpurple,,Yes,No,Caucasian/White,No,Male,,Yes,,1978-01-20
8vpplWa1LA4tuJpurple,United States,Yes,No,Caucasian/White,No,Female,Technical/Community College,Yes,"$20,000–$39,999",1986-10-04
cQno7de90Nisv8red,United States,Yes,No,Caucasian/White,No,Female,Undergraduate Degree (BA/BS/Other),Yes,"Less than $20,000",1974-08-24
9Ww7oIT2IOq2Z2red,United States,Yes,No,Caucasian/White,No,Female,Graduate Degree (MA/MS/MPhil/Other),Yes,"$80,000–$99,999",1969-01-31
VNfL7CS9kqaA96red,United States,Yes,No,Caucasian/White,No,Male,Undergraduate Degree (BA/BS/Other),Yes,"$80,000–$99,999",1998-03-10
aLZ9I3JA6PvPXGpurple,United States,Yes,No,Caucasian/White,No,Female,High School Diploma (A-levels),Yes,"$100,000–$199,999",1963-06-14
CMHilxYAIrvn3cred,United States,Yes,Yes,Caucasian/White,No,Male,Undergraduate Degree (BA/BS/Other),Yes,"$100,000–$199,999",1993-02-18
kGhzawBAgmzC6Ypurple,,Yes,No,Black/African American,No,Male,Undergraduate Degree (BA/BS/Other),Yes,"$100,000–$199,999",1976-07-11
At5uLcV1gpuWFxred,United States,Yes,Yes,Caucasian/White,No,Male,Undergraduate Degree (BA/BS/Other),Yes,"$60,000–$79,999",1984-04-02
OmOv7snAvQ1k6lred,United States,Yes,No,Mixed Race,No,Male,Undergraduate Degree (BA/BS/Other),Yes,"$100,000–$199,999",1998-06-20
AzuOzsa7YRyHF2red,United States,Yes,No,Caucasian/White,No,Female,Graduate Degree (MA/MS/MPhil/Other),Yes,"Less than $20,000",1972-03-03
UNqFOhcB79Jntpred,United States,Yes,No,Caucasian/White,No,Male,Undergraduate Degree (BA/BS/Other),Yes,"$40,000–$59,999",1987-11-01
rDb40M6BMO5XCVred,United States,Yes,No,Caucasian/White,Yes,Male,High School Diploma (A-levels),Yes,"$20,000–$39,999",1986-10-08
s1AGWI2BmMFuFjpurple,United States,Yes,No,Caucasian/White,No,Female,,Yes,,1981-05-23
r1qjmWOCCencgMred,United States,Yes,No,Asian,No,Other,Graduate Degree (MA/MS/MPhil/Other),Yes,"$60,000–$79,999",1987-01-30
aZNoBH3CKa8Id0purple,United States,Yes,No,Caucasian/White,No,Male,Undergraduate Degree (BA/BS/Other),Yes,"$60,000–$79,999",1985-10-04
CMHilxYAIrvn3cpurple,United States,Yes,No,Caucasian/White,No,Male,Undergraduate Degree (BA/BS/Other),Yes,"$20,000–$39,999",1979-07-11
Ca0LA3R5gMWqROpurple,United States,Yes,No,Caucasian/White,No,Female,Undergraduate Degree (BA/BS/Other),Yes,"$200,000–$299,999",1968-02-05
lJrsxwVCf7yUiNred,United States,Yes,No,Mixed Race,No,Other,Technical/Community College,Yes,"$100,000–$199,999",1994-07-01
dfrrqJ9CgL6hadred,United States,Yes,No,Caucasian/White,No,Female,Technical/Community College,Yes,"$80,000–$99,999",1986-07-22
rAKY1xCChRHk9mred,United States,Yes,Yes,Mixed Race,No,Male,Undergraduate Degree (BA/BS/Other),Yes,"$20,000–$39,999",2000-03-07
ROhhh8jD6nNnDBred,United States,Yes,No,Caucasian/White,No,Male,Secondary Education (ie. GED/GCSE),Yes,"$20,000–$39,999",1989-02-20
DlLaVuEDRhESNSpurple,United States,Yes,No,Caucasian/White,No,Female,Undergraduate Degree (BA/BS/Other),Yes,"$60,000–$79,999",1990-11-28
DlLaVuEDRhESNSred,United States,Yes,No,Caucasian/White,No,Male,Graduate Degree (MA/MS/MPhil/Other),Yes,"$100,000–$199,999",1971-05-13
DmpVBEJ1KtUGx2purple,United States,Yes,No,Asian,No,Male,High School Diploma (A-levels),Yes,"$80,000–$99,999",2004-11-14
DnYnqep04VmuqXred,United States,Yes,No,Caucasian/White,No,Male,Technical/Community College,Yes,"$20,000–$39,999",1990-07-08
E7ZN4PY4zC1bwdpurple,United States,Yes,No,Caucasian/White,No,Male,High School Diploma (A-levels),Yes,"Less than $20,000",1986-06-27
vKUyXkeEF3b2fDpurple,United States,Yes,No,Caucasian/White,No,Male,High School Diploma (A-levels),Yes,"$100,000–$199,999",2003-11-21
QDWga5kEF5PDb8red,United States,Yes,No,Caucasian/White,No,Female,Graduate Degree (MA/MS/MPhil/Other),Yes,"$80,000–$99,999",1986-02-11
v5OJSphEm99Qwpred,United States,Yes,No,Caucasian/White,No,Male,High School Diploma (A-levels),Yes,"$20,000–$39,999",2001-08-28
L4j2g1iErZ4AOnred,United States,Yes,No,Caucasian/White,No,Female,Graduate Degree (MA/MS/MPhil/Other),Yes,"$20,000–$39,999",1986-05-19
WDQco1ZEzMk9t4red,United States,Yes,No,Caucasian/White,No,Male,Undergraduate Degree (BA/BS/Other),Yes,"$100,000–$199,999",1988-04-07
FfdgbZ2FZY2c8Pred,United States,Yes,No,Caucasian/White,No,Other,Technical/Community College,Yes,"Less than $20,000",1963-06-21
FfdgbZ2FZY2c8Ppurple,United States,Yes,No,Caucasian/White,No,Female,Undergraduate Degree (BA/BS/Other),Yes,"$100,000–$199,999",1982-01-18
hYVGa4iFoyeVVyred,United States,Yes,No,Caucasian/White,No,Female,Secondary Education (ie. GED/GCSE),Yes,"$60,000–$79,999",1977-12-17
wz62ca4FtipVoEpurple,United States,Yes,No,Asian,No,Male,Graduate Degree (MA/MS/MPhil/Other),Yes,"$80,000–$99,999",1987-12-17
pvR1wKqG0UHssqred,United States,Yes,No,Caucasian/White,No,Female,Technical/Community College,Yes,"$60,000–$79,999",1967-12-11
G9PSkay14LWhVored,United States,Yes,No,Caucasian/White,No,Female,High School Diploma (A-levels),Yes,"$60,000–$79,999",1988-01-18
jw2MrzzGFGh3Ssred,United States,Yes,No,Caucasian/White,No,Female,Graduate Degree (MA/MS/MPhil/Other),Yes,"$40,000–$59,999",1990-03-28
q2nEYNMGIouP5rred,United States,Yes,Yes,Caucasian/White,No,Male,High School Diploma (A-levels),Yes,"$80,000–$99,999",1998-07-14
eajm87VGaWLtSZred,United States,Yes,No,Caucasian/White,No,Male,Undergraduate Degree (BA/BS/Other),Yes,"$80,000–$99,999",1987-12-17
Ujdl2K6GeflUWspurple,United States,Yes,No,Caucasian/White,No,Male,Undergraduate Degree (BA/BS/Other),Yes,"$40,000–$59,999",1966-09-14
LAQLsLbGhKb4RPpurple,United Kingdom,Yes,No,Caucasian/White,No,Male,High School Diploma (A-levels),Yes,"Less than $20,000",1991-02-22
xiDn9bfGiXWDVepurple,United States,Yes,No,Caucasian/White,No,Male,High School Diploma (A-levels),Yes,"$20,000–$39,999",1990-05-02
MuoarHWH8NJvH4purple,United States,Yes,No,Caucasian/White,No,Female,No Formal Qualifications,Yes,"$40,000–$59,999",1999-05-03
xyB4sEvHF0TDqXred,United States,Yes,No,Caucasian/White,No,Male,High School Diploma (A-levels),Yes,"$80,000–$99,999",1982-08-27
LXqE9AMI4dF71Ipurple,United States,Yes,No,Caucasian/White,No,Male,Undergraduate Degree (BA/BS/Other),Yes,"$60,000–$79,999",1960-07-02
bT9iNxrIJUbtdrred,United States,Yes,No,Caucasian/White,No,Female,High School Diploma (A-levels),Yes,"$20,000–$39,999",1975-06-24
UnhhiQvINPhklVpurple,United States,Yes,No,Caucasian/White,No,Male,Technical/Community College,Yes,"$20,000–$39,999",1964-08-29
tQtlXcPITugmWrpurple,United States,Yes,No,Black/African American,No,Female,Undergraduate Degree (BA/BS/Other),Yes,"$40,000–$59,999",1990-01-01
tjLeadeIXDhNcjpurple,United States,Yes,No,Caucasian/White,No,Male,Undergraduate Degree (BA/BS/Other),Yes,"$60,000–$79,999",1991-06-01
YWQLeBYIyGGU9Kpurple,United States,Yes,No,Caucasian/White,No,Female,Technical/Community College,Yes,"Less than $20,000",1969-09-15
uxvgRgnJ8BWntFred,United States,Yes,No,Caucasian/White,No,Male,Secondary Education (ie. GED/GCSE),Yes,"$80,000–$99,999",1964-03-30
zJ3HGb5JBocd03red,United States,Yes,No,Caucasian/White,No,Male,High School Diploma (A-levels),Yes,"$20,000–$39,999",1997-06-06
wpOAdIHJFpYb3tpurple,United States,Yes,No,Caucasian/White,No,Female,High School Diploma (A-levels),Yes,"$60,000–$79,999",1973-01-26
kiV9j24JQApvRHpurple,United States,Yes,No,Caucasian/White,No,Male,Graduate Degree (MA/MS/MPhil/Other),Yes,"$20,000–$39,999",1998-09-11
JZ7WmKj6jM1mPrpurple,United States,Yes,No,Mixed Race,No,Female,High School Diploma (A-levels),Yes,"$20,000–$39,999",1998-02-09
Wc6dBMYJqBoTgMpurple,United States,Yes,No,Asian,No,Male,High School Diploma (A-levels),Yes,"Less than $20,000",1999-04-05
Uyet9JuJtlLzZbpurple,United States,Yes,No,Black/African American,No,Male,Technical/Community College,Yes,"$80,000–$99,999",1978-02-10
x2HPhDBJve42yDpurple,United States,Yes,No,Caucasian/White,No,Female,Undergraduate Degree (BA/BS/Other),Yes,"$20,000–$39,999",0958-05-07
wIZhL16JvntpuXred,United States,Yes,No,Caucasian/White,No,Male,High School Diploma (A-levels),Yes,"$20,000–$39,999",2001-06-16
VVQ14G1K25VOFwred,United States,Yes,No,Caucasian/White,No,Male,Undergraduate Degree (BA/BS/Other),Yes,"$20,000–$39,999",1978-04-19
vVKVGZeK8EuqGxred,United States,Yes,No,Caucasian/White,No,Male,Undergraduate Degree (BA/BS/Other),Yes,"$100,000–$199,999",1990-10-03
upoCxWMKNpMgbupurple,United States,Yes,Yes,Caucasian/White,No,Male,Undergraduate Degree (BA/BS/Other),Yes,"$60,000–$79,999",1986-05-29
MsW5djQKZ3G3b8purple,United States,Yes,No,Caucasian/White,No,Male,Undergraduate Degree (BA/BS/Other),Yes,"$100,000–$199,999",1956-06-25
x3V05lvKjT0dBUred,United States,Yes,Yes,Caucasian/White,No,Other,Undergraduate Degree (BA/BS/Other),Yes,"Less than $20,000",1991-11-24
vHU7il4KtMWABVred,United States,Yes,No,Caucasian/White,No,Male,High School Diploma (A-levels),Yes,"$60,000–$79,999",1987-02-12
L4j2g1iErZ4AOnpurple,United States,Yes,Yes,Mixed Race,No,Female,Undergraduate Degree (BA/BS/Other),Yes,"$40,000–$59,999",1998-08-07
LAQLsLbGhKb4RPred,United States,Yes,No,Asian,No,Male,Undergraduate Degree (BA/BS/Other),Yes,"$60,000–$79,999",2000-06-04
LEfPEyA1vi7QKFpurple,United States,Yes,No,Caucasian/White,No,Female,High School Diploma (A-levels),Yes,"$40,000–$59,999",1975-01-09
LXqE9AMI4dF71Ired,United States,Yes,No,Caucasian/White,No,Male,Undergraduate Degree (BA/BS/Other),Yes,"$80,000–$99,999",1985-07-16
mYe0prfMFlX1nrpurple,United States,Yes,No,Caucasian/White,No,Male,High School Diploma (A-levels),Yes,"$40,000–$59,999",1986-06-03
QaoRhZIMQgl3IQpurple,United States,Yes,No,Caucasian/White,No,Male,High School Diploma (A-levels),Yes,"$60,000–$79,999",1998-09-28
lOwFrEEMnA7n99purple,United States,Yes,No,Caucasian/White,No,Male,Undergraduate Degree (BA/BS/Other),Yes,"$20,000–$39,999",1988-06-16
MsW5djQKZ3G3b8red,United States,Yes,No,Native American,No,Female,Technical/Community College,Yes,"$40,000–$59,999",1980-05-25
MuoarHWH8NJvH4red,United States,Yes,No,Caucasian/White,No,Male,High School Diploma (A-levels),Yes,"Less than $20,000",1987-12-12
NDCsX0J5xy0hPlpurple,United States,Yes,No,Caucasian/White,No,Female,Undergraduate Degree (BA/BS/Other),Yes,"$60,000–$79,999",1988-10-31
t6L8f69NEHDL7Vpurple,United States,Yes,No,Caucasian/White,No,Male,Technical/Community College,Yes,"Less than $20,000",1964-12-14
OBuLvcr2bLTJ9Xpurple,United States,Yes,No,Caucasian/White,No,Male,High School Diploma (A-levels),Yes,"$80,000–$99,999",1995-09-06
uHoTS2ROOLIs5hred,United States,Yes,No,Mixed Race,No,Male,Undergraduate Degree (BA/BS/Other),Yes,"$200,000–$299,999",1977-11-24
p0ycy1TOQ3bixUpurple,United States,Yes,No,Black/African American,No,Male,Doctorate Degree (PhD/Other),Yes,"$60,000–$79,999",1989-05-04
UKP62V6OXpmahxpurple,United States,Yes,No,Caucasian/White,No,Female,Graduate Degree (MA/MS/MPhil/Other),Yes,"$80,000–$99,999",1984-01-01
OmOv7snAvQ1k6lpurple,United States,Yes,No,Asian,No,Male,Undergraduate Degree (BA/BS/Other),Yes,"$100,000–$199,999",1997-05-05
l2MvczWOp8FY1xpurple,United States,Yes,No,Caucasian/White,No,Male,Undergraduate Degree (BA/BS/Other),Yes,"$60,000–$79,999",1956-06-06
P1QGEaN1plCNcGpurple,United States,Yes,No,Caucasian/White,No,Male,Technical/Community College,Yes,"$80,000–$99,999",1990-08-22
oxrSBdIPj7nQxLpurple,United States,Yes,No,Caucasian/White,No,Female,Graduate Degree (MA/MS/MPhil/Other),Yes,"$80,000–$99,999",1984-01-23
US5bIYNPktMeE8red,United States,Yes,No,Caucasian/White,No,Male,Undergraduate Degree (BA/BS/Other),Yes,"$60,000–$79,999",1981-12-19
gA6I24mQCRlplvpurple,United States,Yes,No,Caucasian/White,No,Female,Graduate Degree (MA/MS/MPhil/Other),Yes,"$60,000–$79,999",1995-12-07
QDWga5kEF5PDb8purple,United States,Yes,No,Caucasian/White,No,Male,Undergraduate Degree (BA/BS/Other),Yes,"Less than $20,000",1982-06-14
QaoRhZIMQgl3IQred,United States,Yes,No,Caucasian/White,No,Female,Technical/Community College,Yes,"$20,000–$39,999",1964-02-03
ir4TKUaQiNclJpred,United States,Yes,No,Caucasian/White,No,Female,Undergraduate Degree (BA/BS/Other),Yes,"$100,000–$199,999",1995-06-21
xoeqSDpQqXmeI7purple,United States,Yes,No,Caucasian/White,No,Male,Technical/Community College,Yes,"$40,000–$59,999",1970-04-24
yJ1WHQ0RMpmLPqpurple,United States,Yes,No,Caucasian/White,No,Female,Undergraduate Degree (BA/BS/Other),Yes,"$60,000–$79,999",1983-01-12
ROhhh8jD6nNnDBpurple,United States,Yes,No,Caucasian/White,No,Female,Undergraduate Degree (BA/BS/Other),Yes,"$40,000–$59,999",1975-06-16
TvRvNKnRPmhY4zred,United States,Yes,No,Caucasian/White,No,Female,Graduate Degree (MA/MS/MPhil/Other),Yes,"$100,000–$199,999",1977-09-23
WxnxzmERexQ5bWred,United States,Yes,No,Caucasian/White,No,Female,Undergraduate Degree (BA/BS/Other),Yes,"$60,000–$79,999",1991-05-28
ppSOuFiRpn2cSdred,United States,Yes,Yes,Caucasian/White,No,Male,Undergraduate Degree (BA/BS/Other),Yes,"$20,000–$39,999",1988-07-21
nQomfdUS4NkcDWpurple,United States,Yes,No,Caucasian/White,No,Female,High School Diploma (A-levels),Yes,"$20,000–$39,999",1986-12-01
bUEUPScS4YLfoKpurple,United States,Yes,No,Caucasian/White,No,Female,Undergraduate Degree (BA/BS/Other),Yes,"$100,000–$199,999",1995-12-06
sQEPerAS4yJ951red,United States,Yes,No,Caucasian/White,No,Male,No Formal Qualifications,Yes,"Less than $20,000",1989-11-15
q5g3GVcSYIYu5Ured,United States,Yes,No,Black/African American,No,Male,High School Diploma (A-levels),Yes,"$80,000–$99,999",1972-12-15
SjLhgef8nbj9y0purple,United States,Yes,No,Caucasian/White,No,Male,Undergraduate Degree (BA/BS/Other),Yes,"$100,000–$199,999",1984-09-01
TADTf6vSlFIWUjred,United States,Yes,No,Caucasian/White,No,Male,High School Diploma (A-levels),Yes,"Less than $20,000",1983-08-01
WtknHVwSndxWVired,United States,Yes,No,Asian,No,Female,Undergraduate Degree (BA/BS/Other),Yes,I prefer not to answer,1989-07-08
Ws3gYpmT60Huslred,United States,Yes,No,Caucasian/White,No,Male,High School Diploma (A-levels),Yes,"$40,000–$59,999",1989-04-25
ehhMvavT6IT2p5purple,United States,Yes,Yes,Caucasian/White,No,Male,High School Diploma (A-levels),Yes,"$80,000–$99,999",1994-01-29
TADTf6vSlFIWUjpurple,United States,Yes,No,Black/African American,No,Male,Undergraduate Degree (BA/BS/Other),Yes,"$20,000–$39,999",1993-01-11
bqngvoeTJeuWeNpurple,United States,Yes,No,Caucasian/White,No,Female,High School Diploma (A-levels),Yes,"$60,000–$79,999",1971-05-04
TvRvNKnRPmhY4zpurple,United States,Yes,No,Caucasian/White,No,Male,Graduate Degree (MA/MS/MPhil/Other),Yes,"$100,000–$199,999",1991-12-04
pyKUaJdU3ZCju1red,United States,Yes,No,Caucasian/White,No,Male,Undergraduate Degree (BA/BS/Other),Yes,"$100,000–$199,999",1982-05-15
Z1MmUYkU8HcnwYpurple,United States,Yes,No,Caucasian/White,No,Male,Undergraduate Degree (BA/BS/Other),Yes,"$20,000–$39,999",1998-08-18
UKP62V6OXpmahxred,United States,Yes,Yes,Caucasian/White,No,Female,Undergraduate Degree (BA/BS/Other),Yes,"$40,000–$59,999",1988-12-21
UNqFOhcB79Jntppurple,United States,Yes,No,Caucasian/White,No,Male,High School Diploma (A-levels),Yes,"$40,000–$59,999",1977-04-15
US5bIYNPktMeE8purple,United States,Yes,No,Caucasian/White,No,Male,Undergraduate Degree (BA/BS/Other),Yes,"$20,000–$39,999",1993-01-21
VdA2R2IUgWwoE0purple,United States,Yes,No,Caucasian/White,No,Male,Graduate Degree (MA/MS/MPhil/Other),Yes,"$40,000–$59,999",1950-01-30
Ujdl2K6GeflUWsred,United States,Yes,Yes,Caucasian/White,No,Male,Doctorate Degree (PhD/Other),Yes,"$40,000–$59,999",1971-04-26
UnhhiQvINPhklVred,United States,Yes,No,Black/African American,No,Female,High School Diploma (A-levels),Yes,I prefer not to answer,1995-10-29
Uyet9JuJtlLzZbred,United States,Yes,No,Black/African American,No,Female,Technical/Community College,Yes,"$20,000–$39,999",1997-06-02
qVtPGcYV5NIaKfpurple,,Yes,No,Caucasian/White,No,Male,,Yes,,1980-04-25
VNfL7CS9kqaA96purple,United States,Yes,No,Mixed Race,No,Male,Undergraduate Degree (BA/BS/Other),Yes,"$100,000–$199,999",1991-03-19
VVQ14G1K25VOFwpurple,United States,Yes,No,Caucasian/White,No,Male,High School Diploma (A-levels),Yes,"$20,000–$39,999",1957-03-16
ZhYqU9gVYgKHJlpurple,United States,Yes,No,Caucasian/White,No,Female,High School Diploma (A-levels),Yes,"$60,000–$79,999",1971-08-07
VdA2R2IUgWwoE0red,,Yes,No,Caucasian/White,No,Female,Undergraduate Degree (BA/BS/Other),Yes,"$40,000–$59,999",1979-08-22
WDQco1ZEzMk9t4purple,United States,Yes,No,Mixed Race,No,Male,Undergraduate Degree (BA/BS/Other),Yes,"$40,000–$59,999",1991-02-28
Wc6dBMYJqBoTgMred,United States,Yes,No,Caucasian/White,No,Male,High School Diploma (A-levels),Yes,"$20,000–$39,999",1999-11-02
Y5Ee8GJWeqjlXtpurple,United States,Yes,No,Caucasian/White,No,Male,Graduate Degree (MA/MS/MPhil/Other),Yes,"$100,000–$199,999",1979-10-31
WfKAXB16bRWIhNred,United States,Yes,No,Caucasian/White,No,Male,High School Diploma (A-levels),Yes,"$100,000–$199,999",2003-03-29
Ws3gYpmT60Huslpurple,United States,Yes,No,Asian,No,Female,Graduate Degree (MA/MS/MPhil/Other),Yes,"$100,000–$199,999",1994-09-18
WtknHVwSndxWVipurple,United States,Yes,No,Caucasian/White,No,Male,High School Diploma (A-levels),Yes,"$60,000–$79,999",1988-03-24
WxnxzmERexQ5bWpurple,United States,Yes,No,Caucasian/White,No,Male,High School Diploma (A-levels),Yes,"$20,000–$39,999",1981-05-28
X0iPMkJ7Liehhgpurple,United States,Yes,No,Caucasian/White,No,Male,Undergraduate Degree (BA/BS/Other),Yes,"$20,000–$39,999",1989-01-27
X5wp8pn3jjnYZNred,United States,Yes,No,Caucasian/White,No,Male,High School Diploma (A-levels),Yes,"$60,000–$79,999",1960-05-12
X8DGej05HelKX5purple,United States,Yes,Yes,Black/African American,No,Other,Undergraduate Degree (BA/BS/Other),Yes,"$20,000–$39,999",2000-01-22
XMuf3RR57NU3m5red,United States,Yes,No,Asian,No,Male,Undergraduate Degree (BA/BS/Other),Yes,"$60,000–$79,999",2000-03-23
XN0GbPB6FoPUiKred,United States,Yes,No,Caucasian/White,No,Female,High School Diploma (A-levels),Yes,"$80,000–$99,999",1989-12-18
mYPjPb7XPDaLWHpurple,United States,Yes,No,Caucasian/White,No,Male,High School Diploma (A-levels),Yes,"$60,000–$79,999",1981-02-22
n2xdNpKXXLb5LEpurple,,Yes,No,Caucasian/White,No,Male,,Yes,,0197-08-22
Y5Ee8GJWeqjlXtred,United States,Yes,No,Caucasian/White,No,Female,Undergraduate Degree (BA/BS/Other),Yes,"$60,000–$79,999",
yvS8lPfYPkwZyured,United States,No,No,Asian,No,Female,Undergraduate Degree (BA/BS/Other),Yes,I prefer not to answer,1972-01-01
YWQLeBYIyGGU9Kred,United States,Yes,No,Black/African American,No,Female,High School Diploma (A-levels),Yes,"Less than $20,000",1981-03-18
YlscJqG1VAqfiKpurple,United States,Yes,No,Caucasian/White,No,Female,Undergraduate Degree (BA/BS/Other),Yes,"$100,000–$199,999",1999-04-29
mB2Zp8vYtp5D8Qpurple,United States,Yes,Yes,Pacific Islander/Native Hawaiian,No,Female,High School Diploma (A-levels),Yes,"$40,000–$59,999",1991-06-12
YxsTXkl8CaN1X6red,United States,Yes,Yes,Caucasian/White,No,Male,High School Diploma (A-levels),Yes,"$20,000–$39,999",1984-09-06
Z1MmUYkU8HcnwYred,United States,Yes,No,Caucasian/White,No,Male,High School Diploma (A-levels),Yes,"$60,000–$79,999",1984-01-22
ZXaM33h4ObwfWored,United States,Yes,No,Caucasian/White,No,Male,Graduate Degree (MA/MS/MPhil/Other),Yes,"$100,000–$199,999",1987-04-25
ZhYqU9gVYgKHJlred,United States,Yes,No,Caucasian/White,No,Male,Undergraduate Degree (BA/BS/Other),Yes,"$60,000–$79,999",1989-04-11
pea5cIpaG1ZtcMpurple,United States,Yes,No,Caucasian/White,No,Female,Technical/Community College,Yes,"$60,000–$79,999",2000-03-18
aLZ9I3JA6PvPXGred,United States,Yes,No,Caucasian/White,No,Male,Undergraduate Degree (BA/BS/Other),Yes,"$80,000–$99,999",1983-01-12
aZNoBH3CKa8Id0red,United States,Yes,Yes,Mixed Race,No,Male,High School Diploma (A-levels),Yes,"$60,000–$79,999",1992-04-06
xwJARLAabTZKjrpurple,United States,Yes,No,Caucasian/White,No,Male,Technical/Community College,Yes,"$40,000–$59,999",1991-09-16
dmejtjxb2oH5lopurple,United States,Yes,No,Caucasian/White,No,Female,Secondary Education (ie. GED/GCSE),Yes,"$20,000–$39,999",1991-01-12
dHW5OLkb8K4Sqdred,United States,Yes,No,Black/African American,No,Female,Undergraduate Degree (BA/BS/Other),Yes,"$20,000–$39,999",1972-01-06
rT6JXOibGDFePdpurple,United States,Yes,No,Caucasian/White,No,Male,Undergraduate Degree (BA/BS/Other),Yes,"$20,000–$39,999",1983-11-11
bL56aPv7CiRj88purple,United States,Yes,No,Caucasian/White,No,Female,Undergraduate Degree (BA/BS/Other),Yes,"Less than $20,000",1964-04-30
bT9iNxrIJUbtdrpurple,United States,Yes,No,Mixed Race,No,Male,High School Diploma (A-levels),Yes,"$20,000–$39,999",1982-07-14
bUEUPScS4YLfoKred,United States,Yes,No,Black/African American,No,Male,High School Diploma (A-levels),Yes,"$20,000–$39,999",1993-04-19
bqngvoeTJeuWeNred,United States,Yes,Yes,Mixed Race,No,Female,Technical/Community College,Yes,"Less than $20,000",1977-09-10
sHlPosOc3ofSEMred,United States,Yes,No,Caucasian/White,No,Male,Undergraduate Degree (BA/BS/Other),Yes,"$60,000–$79,999",1992-12-04
sdNusyrc7WKwEnred,United States,Yes,No,Caucasian/White,No,Male,Undergraduate Degree (BA/BS/Other),Yes,"$40,000–$59,999",1994-04-06
cQno7de90Nisv8purple,United States,Yes,No,Caucasian/White,No,Male,Undergraduate Degree (BA/BS/Other),Yes,"$20,000–$39,999",1980-03-03
cZ2Vm2T1IneMtared,United States,Yes,No,Caucasian/White,No,Male,High School Diploma (A-levels),Yes,"$60,000–$79,999",1989-05-04
vNWAxTycdY5RKGpurple,United States,Yes,No,Caucasian/White,No,Male,Undergraduate Degree (BA/BS/Other),Yes,"$200,000–$299,999",1992-06-29
qiIV46Hcubx7xGpurple,United States,Yes,No,Caucasian/White,No,Male,Undergraduate Degree (BA/BS/Other),Yes,"$300,000–$399,999",1991-07-16
zRDK2ekdFueGoRpurple,United States,Yes,No,Caucasian/White,No,Female,Undergraduate Degree (BA/BS/Other),Yes,"$40,000–$59,999",1985-05-27
dHW5OLkb8K4Sqdpurple,United States,Yes,No,Caucasian/White,No,Female,Technical/Community College,Yes,"$100,000–$199,999",1967-05-16
hxh8tvpdPjCFh9purple,United States,Yes,No,Caucasian/White,No,Male,Undergraduate Degree (BA/BS/Other),Yes,"$100,000–$199,999",1988-08-09
dfrrqJ9CgL6hadpurple,United States,Yes,No,Asian,No,Female,Undergraduate Degree (BA/BS/Other),Yes,"$100,000–$199,999",1981-10-18
dmejtjxb2oH5lored,United States,Yes,No,Caucasian/White,No,Male,High School Diploma (A-levels),Yes,"Less than $20,000",1991-05-07
tPOTp95eOzplmRred,United States,Yes,No,Caucasian/White,No,Male,Undergraduate Degree (BA/BS/Other),Yes,"$200,000–$299,999",1998-08-01
eajm87VGaWLtSZpurple,United States,Yes,No,Caucasian/White,No,Male,Secondary Education (ie. GED/GCSE),Yes,"Less than $20,000",1978-12-20
ehhMvavT6IT2p5red,United States,Yes,No,Caucasian/White,No,Female,High School Diploma (A-levels),Yes,"$60,000–$79,999",1983-10-25
lV8Ka6sfBZ2PQrred,United States,Yes,No,Caucasian/White,No,Male,High School Diploma (A-levels),Yes,"$20,000–$39,999",1973-12-17
tTzWVUafBlblR7purple,United States,Yes,No,Caucasian/White,No,Female,High School Diploma (A-levels),Yes,"$40,000–$59,999",1989-02-14
xnwLLRIfDeY55Apurple,United States,Yes,No,Caucasian/White,No,Female,Secondary Education (ie. GED/GCSE),Yes,"$100,000–$199,999",1965-02-20
irVcuGFfTVDLh7red,United States,Yes,No,Caucasian/White,No,Male,Undergraduate Degree (BA/BS/Other),Yes,"$40,000–$59,999",1993-10-13
utdwJjYg9S6Dx6purple,United States,Yes,No,Asian,No,Male,Undergraduate Degree (BA/BS/Other),Yes,"$100,000–$199,999",1988-06-07
gA6I24mQCRlplvred,United States,Yes,No,Caucasian/White,No,Male,High School Diploma (A-levels),Yes,"$20,000–$39,999",1984-10-01
gLJ5JQY3k3NKsopurple,United States,Yes,No,Caucasian/White,No,Male,Undergraduate Degree (BA/BS/Other),Yes,"$60,000–$79,999",1986-10-18
xpwasKCgvCyvFRpurple,United States,Yes,Yes,Caucasian/White,No,Male,High School Diploma (A-levels),Yes,"$80,000–$99,999",1999-01-30
gveKFkS64H1yippurple,United States,Yes,No,Caucasian/White,No,Male,Undergraduate Degree (BA/BS/Other),Yes,"$80,000–$99,999",1976-05-07
hifL60ShHbrzTZred,United States,Yes,No,Caucasian/White,No,Male,Technical/Community College,Yes,"$20,000–$39,999",1985-11-05
hYVGa4iFoyeVVypurple,United States,Yes,No,Caucasian/White,No,Male,High School Diploma (A-levels),Yes,"$40,000–$59,999",2004-06-02
hifL60ShHbrzTZpurple,United States,Yes,Yes,Asian,No,Female,Undergraduate Degree (BA/BS/Other),Yes,I don’t know,1993-01-23
hxh8tvpdPjCFh9red,United States,Yes,No,Caucasian/White,No,Female,Undergraduate Degree (BA/BS/Other),Yes,"$60,000–$79,999",1979-01-26
upttvg6ik5LipZred,United States,Yes,No,Caucasian/White,No,Female,Technical/Community College,Yes,"$40,000–$59,999",1980-10-24
ir4TKUaQiNclJppurple,United States,Yes,No,Caucasian/White,No,Other,High School Diploma (A-levels),Yes,"Less than $20,000",1993-10-25
irVcuGFfTVDLh7purple,United States,Yes,No,Caucasian/White,No,Female,Graduate Degree (MA/MS/MPhil/Other),Yes,"$40,000–$59,999",1988-08-19
z9iAhAIiy9Iueered,United States,Yes,No,Caucasian/White,No,Female,High School Diploma (A-levels),Yes,"$20,000–$39,999",1989-08-18
iyujA2z8Zfkxwspurple,United States,Yes,Yes,Caucasian/White,No,Female,Technical/Community College,Yes,I don’t know,1997-07-14
j81Gvcn1qWMp6pred,United States,Yes,No,Caucasian/White,No,Male,Technical/Community College,Yes,I prefer not to answer,1997-04-20
r2kR0qQjC9HaEYpurple,United States,Yes,No,Caucasian/White,No,Female,Undergraduate Degree (BA/BS/Other),Yes,"$20,000–$39,999",1967-05-23
sUySWjJjb9YD4Ipurple,United States,Yes,No,Caucasian/White,No,Male,High School Diploma (A-levels),Yes,"Less than $20,000",1992-12-23
kvjqlEEjeSSjTGred,United States,Yes,No,Caucasian/White,No,Male,Secondary Education (ie. GED/GCSE),Yes,"$20,000–$39,999",1994-06-11
joVZzg508p20O8purple,United States,Yes,No,Black/African American,No,Female,Undergraduate Degree (BA/BS/Other),Yes,"$40,000–$59,999",1969-11-06
jw2MrzzGFGh3Sspurple,United States,Yes,No,Caucasian/White,No,Female,High School Diploma (A-levels),Yes,"$20,000–$39,999",1983-08-02
kGhzawBAgmzC6Yred,United States,Yes,No,Caucasian/White,No,Male,Undergraduate Degree (BA/BS/Other),Yes,"$100,000–$199,999",1986-08-28
kVw1kRt8nsMuqGred,United States,Yes,No,Caucasian/White,No,Female,Secondary Education (ie. GED/GCSE),Yes,"Less than $20,000",1975-05-01
kiV9j24JQApvRHred,United States,Yes,No,Caucasian/White,No,Female,Undergraduate Degree (BA/BS/Other),Yes,"$20,000–$39,999",1987-10-10
rSpQvN7kie1Dogpurple,United States,Yes,No,Asian,No,Male,Undergraduate Degree (BA/BS/Other),Yes,"$20,000–$39,999",1995-08-18
kvjqlEEjeSSjTGpurple,United States,Yes,No,Asian,No,Female,Graduate Degree (MA/MS/MPhil/Other),Yes,"$80,000–$99,999",1995-11-06
l2MvczWOp8FY1xred,United States,Yes,No,Black/African American,No,Male,Undergraduate Degree (BA/BS/Other),Yes,"Less than $20,000",1993-09-12
lJrsxwVCf7yUiNpurple,United States,Yes,No,Caucasian/White,No,Female,Graduate Degree (MA/MS/MPhil/Other),Yes,"$40,000–$59,999",1967-04-30
lOwFrEEMnA7n99red,United States,Yes,No,Asian,No,Female,Graduate Degree (MA/MS/MPhil/Other),Yes,"$400,000–$499,999",
lV8Ka6sfBZ2PQrpurple,United States,Yes,Yes,Mixed Race,No,Female,High School Diploma (A-levels),Yes,"$80,000–$99,999",2023-06-30
nzq97Uem5iQt5ired,United States,No,No,Black/African American,No,Male,High School Diploma (A-levels),Yes,"$40,000–$59,999",2000-10-19
mB2Zp8vYtp5D8Qred,United States,Yes,No,Caucasian/White,No,Male,High School Diploma (A-levels),Yes,"$20,000–$39,999",1991-10-15
mYPjPb7XPDaLWHred,United States,Yes,No,Pacific Islander/Native Hawaiian,No,Male,Undergraduate Degree (BA/BS/Other),Yes,"$100,000–$199,999",1991-04-15
mYe0prfMFlX1nrred,United States,Yes,No,Caucasian/White,No,Female,Undergraduate Degree (BA/BS/Other),Yes,"$60,000–$79,999",1997-01-14
mpcGaIj4HGABbbred,United States,Yes,No,Mixed Race,No,Female,High School Diploma (A-levels),Yes,"$40,000–$59,999",1987-10-29
n2xdNpKXXLb5LEred,United States,Yes,No,Mixed Race,No,Male,Undergraduate Degree (BA/BS/Other),Yes,"$80,000–$99,999",1990-10-27
nQomfdUS4NkcDWred,United States,Yes,No,Caucasian/White,No,Female,Secondary Education (ie. GED/GCSE),Yes,"$20,000–$39,999",1995-09-12
y3b4UJinRpphERpurple,United States,Yes,No,Caucasian/White,No,Female,Doctorate Degree (PhD/Other),Yes,"$100,000–$199,999",1956-08-01
nzq97Uem5iQt5ipurple,United States,Yes,No,Caucasian/White,No,Male,Undergraduate Degree (BA/BS/Other),Yes,"Less than $20,000",1981-08-29
oxrSBdIPj7nQxLred,United States,Yes,Yes,Asian,No,Female,High School Diploma (A-levels),Yes,"$40,000–$59,999",1988-09-22
p0ycy1TOQ3bixUred,United States,Yes,Yes,Caucasian/White,No,Female,Undergraduate Degree (BA/BS/Other),Yes,"Less than $20,000",1977-08-09
qR0OZtlpBD00E3red,United States,Yes,No,Caucasian/White,No,Female,Undergraduate Degree (BA/BS/Other),Yes,"$80,000–$99,999",1957-08-05
pDgPXGd2o6BWjGpurple,United States,Yes,No,Black/African American,No,Male,Graduate Degree (MA/MS/MPhil/Other),Yes,"$40,000–$59,999",1986-05-15
ruLinVapIyFBrUred,United States,Yes,No,Asian,No,Male,Undergraduate Degree (BA/BS/Other),Yes,"$200,000–$299,999",2000-07-02
wf5vpjzpWcOZVEred,United States,Yes,No,Caucasian/White,No,Male,High School Diploma (A-levels),Yes,"$20,000–$39,999",1981-01-01
pea5cIpaG1ZtcMred,United States,Yes,No,Caucasian/White,No,Male,Undergraduate Degree (BA/BS/Other),Yes,"$20,000–$39,999",1982-05-01
ppSOuFiRpn2cSdpurple,United States,No,No,Black/African American,No,Male,Undergraduate Degree (BA/BS/Other),Yes,"$40,000–$59,999",2002-02-24
pvR1wKqG0UHssqpurple,United States,No,No,Caucasian/White,No,Male,Undergraduate Degree (BA/BS/Other),Yes,"$40,000–$59,999",1997-04-05
pyKUaJdU3ZCju1purple,United States,Yes,No,Black/African American,No,Male,Undergraduate Degree (BA/BS/Other),Yes,"$100,000–$199,999",1998-09-20
q2nEYNMGIouP5rpurple,United States,Yes,No,Caucasian/White,No,Male,Doctorate Degree (PhD/Other),Yes,"$100,000–$199,999",1988-02-12
q5g3GVcSYIYu5Upurple,United States,Yes,No,Black/African American,No,Female,Technical/Community College,Yes,"$40,000–$59,999",1992-08-16
rvwiE1fqBe9AM9red,United States,Yes,No,Asian,No,Female,Undergraduate Degree (BA/BS/Other),Yes,"$40,000–$59,999",1987-08-04
qD1pHXj549qdDJpurple,United States,Yes,Yes,Mixed Race,No,Female,Undergraduate Degree (BA/BS/Other),Yes,"$40,000–$59,999",1998-11-18
qR0OZtlpBD00E3purple,United States,Yes,No,Asian,No,Male,High School Diploma (A-levels),Yes,"$40,000–$59,999",2003-01-21
qVtPGcYV5NIaKfred,United States,Yes,No,Caucasian/White,No,Male,High School Diploma (A-levels),Yes,"$20,000–$39,999",1959-07-28
qiIV46Hcubx7xGred,United States,Yes,No,Caucasian/White,No,Male,Undergraduate Degree (BA/BS/Other),Yes,"$60,000–$79,999",1976-03-08
r1qjmWOCCencgMpurple,United States,Yes,No,Caucasian/White,No,Male,High School Diploma (A-levels),Yes,"$40,000–$59,999",1986-09-22
r2kR0qQjC9HaEYred,United States,Yes,No,Caucasian/White,No,Male,Technical/Community College,Yes,"$20,000–$39,999",1978-05-28
rAKY1xCChRHk9mpurple,United States,Yes,No,Caucasian/White,No,Female,Graduate Degree (MA/MS/MPhil/Other),Yes,"$60,000–$79,999",1998-05-06
rDb40M6BMO5XCVpurple,United States,Yes,No,Mixed Race,No,Female,Graduate Degree (MA/MS/MPhil/Other),Yes,"$60,000–$79,999",1995-05-15
rSpQvN7kie1Dogred,United States,Yes,No,Caucasian/White,No,Female,Graduate Degree (MA/MS/MPhil/Other),Yes,"$40,000–$59,999",1983-02-20
rT6JXOibGDFePdred,United States,Yes,No,Caucasian/White,No,Male,Undergraduate Degree (BA/BS/Other),Yes,"$20,000–$39,999",1987-01-22
ruLinVapIyFBrUpurple,United States,Yes,No,Caucasian/White,No,Female,Undergraduate Degree (BA/BS/Other),Yes,"$100,000–$199,999",1975-05-31
rvwiE1fqBe9AM9purple,United States,Yes,No,Caucasian/White,No,Male,Technical/Community College,Yes,"$100,000–$199,999",1969-04-03
s1AGWI2BmMFuFjred,United States,Yes,No,Caucasian/White,No,Female,High School Diploma (A-levels),Yes,"$80,000–$99,999",1981-10-10
s1l3iQC1AEnUJ5red,United States,Yes,No,Caucasian/White,No,Female,Technical/Community College,Yes,"$80,000–$99,999",1991-12-25
sHlPosOc3ofSEMpurple,United States,Yes,No,Caucasian/White,No,Female,Technical/Community College,Yes,"$200,000–$299,999",1993-06-05
sQEPerAS4yJ951purple,United States,Yes,No,Caucasian/White,No,Female,Undergraduate Degree (BA/BS/Other),Yes,"$80,000–$99,999",1984-10-27
sSDj42w2GOzQgpred,United States,Yes,No,Caucasian/White,No,Male,Graduate Degree (MA/MS/MPhil/Other),Yes,"$40,000–$59,999",1996-11-08
sUySWjJjb9YD4Ired,United States,Yes,No,Caucasian/White,No,Female,Technical/Community College,Yes,"$60,000–$79,999",1962-03-02
sdNusyrc7WKwEnpurple,United States,Yes,No,Mixed Race,No,Female,Undergraduate Degree (BA/BS/Other),Yes,"$40,000–$59,999",1988-10-25
t6L8f69NEHDL7Vred,United States,Yes,No,Caucasian/White,No,Male,Undergraduate Degree (BA/BS/Other),Yes,"$60,000–$79,999",1964-01-15
tPOTp95eOzplmRpurple,United States,Yes,No,Black/African American,No,Male,High School Diploma (A-levels),Yes,"Less than $20,000",1985-06-01
tQtlXcPITugmWrred,United States,Yes,Yes,Caucasian/White,No,Male,High School Diploma (A-levels),Yes,"$20,000–$39,999",1992-05-21
tTzWVUafBlblR7red,United States,Yes,No,Caucasian/White,No,Male,High School Diploma (A-levels),Yes,"Less than $20,000",1967-12-30
yGXf0uEtaQzN97red,United States,Yes,No,Caucasian/White,No,Male,Graduate Degree (MA/MS/MPhil/Other),Yes,"$100,000–$199,999",1983-11-13
tjLeadeIXDhNcjred,United States,Yes,No,Black/African American,No,Male,Technical/Community College,Yes,"$80,000–$99,999",1983-01-24
uHoTS2ROOLIs5hpurple,United States,Yes,No,Asian,No,Female,Undergraduate Degree (BA/BS/Other),Yes,I prefer not to answer,1974-04-01
zNOjNV4uWPQlRpred,United States,No,No,Caucasian/White,No,Male,High School Diploma (A-levels),Yes,"Less than $20,000",1990-05-02
upoCxWMKNpMgbured,United States,Yes,No,Asian,No,Female,Undergraduate Degree (BA/BS/Other),Yes,"$100,000–$199,999",2001-05-14
upttvg6ik5LipZpurple,United States,Yes,No,Caucasian/White,No,Male,Undergraduate Degree (BA/BS/Other),Yes,"$60,000–$79,999",1983-07-20
utdwJjYg9S6Dx6red,United States,Yes,No,Black/African American,No,Male,High School Diploma (A-levels),Yes,"$100,000–$199,999",1983-10-17
uxvgRgnJ8BWntFpurple,United States,Yes,No,Caucasian/White,No,Male,High School Diploma (A-levels),Yes,"$20,000–$39,999",1979-11-26
uyqSL1z3jMSVFDred,United States,Yes,No,Caucasian/White,No,Male,Undergraduate Degree (BA/BS/Other),Yes,"$20,000–$39,999",1996-01-09
v5OJSphEm99Qwppurple,United States,Yes,No,Caucasian/White,No,Female,Technical/Community College,Yes,"$20,000–$39,999",1968-05-06
vHU7il4KtMWABVpurple,United States,Yes,No,Caucasian/White,No,Male,High School Diploma (A-levels),Yes,"$60,000–$79,999",1997-02-23
vKUyXkeEF3b2fDred,United States,Yes,No,Caucasian/White,No,Male,Undergraduate Degree (BA/BS/Other),Yes,"$20,000–$39,999",1994-05-23
vNWAxTycdY5RKGred,United States,Yes,No,Caucasian/White,No,Female,Graduate Degree (MA/MS/MPhil/Other),Yes,"Less than $20,000",2001-07-12
vVKVGZeK8EuqGxpurple,United States,Yes,No,Caucasian/White,No,Male,Doctorate Degree (PhD/Other),Yes,"$20,000–$39,999",1971-04-15
vpsp4L77u6fJdored,United States,Yes,No,Caucasian/White,No,Female,Graduate Degree (MA/MS/MPhil/Other),Yes,"$60,000–$79,999",1984-08-15
zEsErbuvrMr0Hgred,United States,Yes,No,Asian,No,Female,Graduate Degree (MA/MS/MPhil/Other),Yes,"$40,000–$59,999",1992-01-21
wIZhL16JvntpuXpurple,United States,Yes,No,Black/African American,No,Male,Technical/Community College,Yes,"$40,000–$59,999",1996-06-19
wf5vpjzpWcOZVEpurple,United States,Yes,No,Caucasian/White,No,Male,Undergraduate Degree (BA/BS/Other),Yes,"$60,000–$79,999",1963-09-09
wpOAdIHJFpYb3tred,United States,Yes,No,Caucasian/White,No,Female,High School Diploma (A-levels),Yes,"$20,000–$39,999",1974-10-01
wsb7znJ8Quf08Gred,United States,No,No,Caucasian/White,No,Male,Graduate Degree (MA/MS/MPhil/Other),Yes,"$20,000–$39,999",1988-05-07
wz62ca4FtipVoEred,United States,Yes,No,Black/African American,No,Female,Technical/Community College,Yes,"$40,000–$59,999",1961-12-20
x2HPhDBJve42yDred,United States,Yes,No,Caucasian/White,No,Female,High School Diploma (A-levels),Yes,"Less than $20,000",1988-08-06
x3V05lvKjT0dBUpurple,United States,Yes,No,Caucasian/White,No,Male,Doctorate Degree (PhD/Other),Yes,"$300,000–$399,999",1985-11-12
xiDn9bfGiXWDVered,United States,Yes,No,Caucasian/White,No,Female,Doctorate Degree (PhD/Other),Yes,"$200,000–$299,999",1973-02-05
xnwLLRIfDeY55Ared,United States,Yes,No,Caucasian/White,No,Female,Undergraduate Degree (BA/BS/Other),Yes,"$100,000–$199,999",1984-08-25
xoeqSDpQqXmeI7red,United States,Yes,No,Caucasian/White,No,Female,Undergraduate Degree (BA/BS/Other),Yes,"$80,000–$99,999",1983-05-18
xpwasKCgvCyvFRred,United States,Yes,No,Caucasian/White,No,Female,Undergraduate Degree (BA/BS/Other),Yes,"$40,000–$59,999",1965-12-30
xwJARLAabTZKjrred,United States,Yes,No,Caucasian/White,No,Male,Undergraduate Degree (BA/BS/Other),Yes,"$60,000–$79,999",1987-12-16
xyB4sEvHF0TDqXpurple,United States,Yes,No,Caucasian/White,No,Female,High School Diploma (A-levels),Yes,"$40,000–$59,999",1971-04-13
y3b4UJinRpphERred,United States,Yes,No,Caucasian/White,No,Female,Undergraduate Degree (BA/BS/Other),Yes,"Less than $20,000",1996-01-01
yGXf0uEtaQzN97purple,United States,Yes,No,Caucasian/White,No,Female,Technical/Community College,Yes,"$20,000–$39,999",1982-02-18
yJ1WHQ0RMpmLPqred,United States,Yes,No,Caucasian/White,Yes,Male,Technical/Community College,Yes,"$20,000–$39,999",1993-02-07
yNaS2Bq6dttKqLred,United States,Yes,Yes,Caucasian/White,No,Male,Undergraduate Degree (BA/BS/Other),Yes,"Less than $20,000",1988-09-19
z0X3T2CyienXi6red,United States,Yes,No,Caucasian/White,No,Male,High School Diploma (A-levels),Yes,"$20,000–$39,999",1989-04-01
yvS8lPfYPkwZyupurple,United States,Yes,No,Caucasian/White,No,Female,High School Diploma (A-levels),Yes,"Less than $20,000",1987-02-15
z0X3T2CyienXi6purple,United States,Yes,No,Caucasian/White,No,Male,Undergraduate Degree (BA/BS/Other),Yes,"$40,000–$59,999",1992-02-01
z9iAhAIiy9Iueepurple,,,,,,,,,,
zEsErbuvrMr0Hgpurple,United States,Yes,No,Asian,No,Male,Undergraduate Degree (BA/BS/Other),Yes,"$60,000–$79,999",1984-07-01
zJ3HGb5JBocd03purple,United States,Yes,No,Black/African American,No,Male,High School Diploma (A-levels),Yes,"Less than $20,000",1985-05-11
zNOjNV4uWPQlRppurple,United States,Yes,No,Caucasian/White,No,Female,Graduate Degree (MA/MS/MPhil/Other),Yes,"$100,000–$199,999",1984-10-03
zRDK2ekdFueGoRred,United States,Yes,Yes,Black/African American,No,Male,High School Diploma (A-levels),Yes,I prefer not to answer,1977-02-08
hqdXjJ50oSQrNkpurple,United States,Yes,No,Caucasian/White,No,Female,Undergraduate Degree (BA/BS/Other),Yes,"$40,000–$59,999",1988-08-20
gTRM2td1f8g75ypurple,United States,Yes,No,Black/African American,No,Female,Undergraduate Degree (BA/BS/Other),Yes,"$80,000–$99,999",1985-01-29
GulhkpA1gdCtoQpurple,United States,Yes,No,Black/African American,No,Female,Undergraduate Degree (BA/BS/Other),Yes,"$100,000–$199,999",1998-06-10
ucChqUN1ymnylPred,United States,Yes,No,Caucasian/White,No,Male,Undergraduate Degree (BA/BS/Other),Yes,"$80,000–$99,999",1987-12-17
tmdsDcY2zwomgIpurple,United States,Yes,No,Caucasian/White,No,Female,Graduate Degree (MA/MS/MPhil/Other),Yes,"$80,000–$99,999",1963-01-13
4jqu3Fu3bRJBW3red,United States,Yes,No,Caucasian/White,No,Male,High School Diploma (A-levels),Yes,"$20,000–$39,999",1982-02-17
69w4WM83iWOtRApurple,United States,Yes,No,Asian,No,Male,High School Diploma (A-levels),Yes,"$20,000–$39,999",1972-09-18
4jqu3Fu3bRJBW3purple,United States,Yes,No,Caucasian/White,No,Male,High School Diploma (A-levels),Yes,"Less than $20,000",2000-02-29
dmTiVlq5I8a5zGpurple,United States,Yes,No,Caucasian/White,No,Female,High School Diploma (A-levels),Yes,"$40,000–$59,999",1997-08-27
Q3FSUc25MP9a9ired,United States,Yes,No,Caucasian/White,No,Male,Undergraduate Degree (BA/BS/Other),Yes,"$100,000–$199,999",1951-02-21
vCkogSq5b7No2Tpurple,United States,Yes,No,Caucasian/White,No,Male,High School Diploma (A-levels),Yes,"Less than $20,000",1989-08-26
69w4WM83iWOtRAred,United States,Yes,No,Caucasian/White,No,Female,Graduate Degree (MA/MS/MPhil/Other),Yes,"$80,000–$99,999",1978-04-06
nAgTrmO6PiN2Igred,United States,Yes,No,Caucasian/White,No,Male,Graduate Degree (MA/MS/MPhil/Other),Yes,"$60,000–$79,999",1992-11-01
iadzI1R6uWA2BGred,United States,Yes,No,Caucasian/White,No,Male,Graduate Degree (MA/MS/MPhil/Other),Yes,"$60,000–$79,999",1971-10-01
vtHWGpc72DWM7Upurple,United States,Yes,No,Caucasian/White,No,Male,High School Diploma (A-levels),Yes,"$20,000–$39,999",1992-09-17
M8dSL0S7sLftMired,United States,Yes,No,Caucasian/White,No,Male,Undergraduate Degree (BA/BS/Other),Yes,"$60,000–$79,999",1981-12-19
ouhiwVy9ZhPkYvred,United States,Yes,No,Caucasian/White,No,Male,High School Diploma (A-levels),Yes,"$100,000–$199,999",1997-04-24
Bj5ET9K9eXGWREred,,Yes,No,Caucasian/White,No,Female,High School Diploma (A-levels),Yes,"$20,000–$39,999",1978-07-25
r4JuAS09h5xvjVpurple,United States,Yes,No,Caucasian/White,No,Male,Technical/Community College,Yes,"$20,000–$39,999",1986-07-24
yExSMPVAyBy9Yired,United States,Yes,No,Asian,No,Male,Undergraduate Degree (BA/BS/Other),Yes,"$60,000–$79,999",1998-04-01
Bj5ET9K9eXGWREpurple,United States,Yes,No,Caucasian/White,No,Female,Graduate Degree (MA/MS/MPhil/Other),Yes,"$100,000–$199,999",1975-09-09
fDAlORuC7CcToOpurple,United States,Yes,No,Black/African American,No,Female,Undergraduate Degree (BA/BS/Other),Yes,"$40,000–$59,999",1985-09-02
yM7Mq6iCXeB9Svred,United States,Yes,No,Caucasian/White,No,Female,Undergraduate Degree (BA/BS/Other),Yes,I prefer not to answer,1962-04-08
pyDbTJHCtGh8uCred,United States,Yes,No,Caucasian/White,No,Male,Technical/Community College,Yes,"$80,000–$99,999",1979-09-04
w2ixw51E2kOOXpred,United States,Yes,Yes,Caucasian/White,No,Female,Undergraduate Degree (BA/BS/Other),Yes,"$300,000–$399,999",1986-06-01
GulhkpA1gdCtoQred,United States,Yes,No,Caucasian/White,No,Male,High School Diploma (A-levels),Yes,"$40,000–$59,999",1987-07-30
e5Jo6R4H6phjhcpurple,United States,Yes,No,Caucasian/White,No,Male,Undergraduate Degree (BA/BS/Other),Yes,"$40,000–$59,999",1984-01-30
L8ega4xIVuXXw0red,United States,Yes,No,Asian,No,Male,Graduate Degree (MA/MS/MPhil/Other),Yes,"$100,000–$199,999",1994-04-19
g9RbB9CKARlXqZpurple,United States,Yes,No,Caucasian/White,No,Female,Undergraduate Degree (BA/BS/Other),Yes,I prefer not to answer,1987-10-26
rfDaU15KPmQAWapurple,United States,Yes,No,Black/African American,No,Female,Technical/Community College,Yes,"$20,000–$39,999",1997-06-02
OGnbKD3L1ui9Xxpurple,United States,Yes,No,Asian,No,Male,Undergraduate Degree (BA/BS/Other),Yes,"$60,000–$79,999",1982-03-27
L8ega4xIVuXXw0purple,United States,Yes,No,Caucasian/White,No,Female,Undergraduate Degree (BA/BS/Other),Yes,"$60,000–$79,999",1968-05-26
M8dSL0S7sLftMipurple,United States,Yes,No,Caucasian/White,No,Female,No Formal Qualifications,Yes,"$40,000–$59,999",1953-07-31
PUc4EleMaTGBw1purple,United States,Yes,No,Mixed Race,No,Female,Technical/Community College,Yes,"$200,000–$299,999",1968-12-11
houjqcWO2aD5Ovred,United States,Yes,No,Caucasian/White,No,Female,Graduate Degree (MA/MS/MPhil/Other),Yes,"$20,000–$39,999",1966-11-06
OGnbKD3L1ui9Xxred,United States,Yes,No,Caucasian/White,No,Male,Undergraduate Degree (BA/BS/Other),Yes,"$20,000–$39,999",1982-05-01
mM1rQ6aOZHXZPYred,United States,Yes,No,Caucasian/White,No,Female,High School Diploma (A-levels),Yes,"Less than $20,000",2000-08-22
V1ZNTsuOwNNanUred,United States,Yes,Yes,Caucasian/White,No,Other,Doctorate Degree (PhD/Other),Yes,"$40,000–$59,999",1987-10-15
yPQzz9iPJVUCQmpurple,United States,Yes,No,Caucasian/White,No,Male,Undergraduate Degree (BA/BS/Other),Yes,"$60,000–$79,999",1980-08-15
PUc4EleMaTGBw1red,United States,Yes,No,Black/African American,No,Male,Graduate Degree (MA/MS/MPhil/Other),Yes,"$100,000–$199,999",1997-03-12
Q3FSUc25MP9a9ipurple,United States,Yes,No,Caucasian/White,No,Male,Graduate Degree (MA/MS/MPhil/Other),Yes,"$80,000–$99,999",1986-09-03
eahENvyR1hEzyyred,United States,Yes,No,Caucasian/White,No,Male,Undergraduate Degree (BA/BS/Other),Yes,"$200,000–$299,999",1985-10-29
V1ZNTsuOwNNanUpurple,United States,Yes,No,Caucasian/White,Yes,Male,Undergraduate Degree (BA/BS/Other),Yes,"$60,000–$79,999",1989-08-10
z0O7HwJVCNFeQWred,United States,Yes,No,Caucasian/White,No,Male,Graduate Degree (MA/MS/MPhil/Other),Yes,"$40,000–$59,999",1998-03-03
bVmYLCYVLxicfdred,United States,Yes,Yes,Caucasian/White,No,Male,High School Diploma (A-levels),Yes,I prefer not to answer,2003-12-30
eHJwnNWVTuevGVred,United States,Yes,No,Caucasian/White,No,Male,Undergraduate Degree (BA/BS/Other),Yes,"Less than $20,000",1993-12-08
uaeO7LcVVuS0Z1red,United States,Yes,No,Caucasian/White,No,Male,High School Diploma (A-levels),Yes,I prefer not to answer,1978-09-01
oAvUXcfVXu9fNUred,United States,Yes,No,Caucasian/White,No,Female,Technical/Community College,Yes,"$40,000–$59,999",1980-08-12
bmhBXmNWjwNytipurple,United States,Yes,No,Mixed Race,No,Female,High School Diploma (A-levels),Yes,"$40,000–$59,999",1966-01-28
h2rgccCXDFdHoMpurple,United States,Yes,No,Caucasian/White,No,Female,Undergraduate Degree (BA/BS/Other),Yes,"$80,000–$99,999",1993-01-03
ZYj0ZWjZBPKjxgpurple,United States,Yes,No,Caucasian/White,No,Female,Undergraduate Degree (BA/BS/Other),Yes,"$20,000–$39,999",1994-09-12
ZYj0ZWjZBPKjxgred,United States,Yes,No,Caucasian/White,No,Male,High School Diploma (A-levels),Yes,"$20,000–$39,999",1987-05-02
bVmYLCYVLxicfdpurple,United States,Yes,No,Caucasian/White,No,Male,High School Diploma (A-levels),Yes,"$60,000–$79,999",1980-07-11
uJKusy6bZo6nxrred,United States,Yes,No,Asian,No,Male,Undergraduate Degree (BA/BS/Other),Yes,"$200,000–$299,999",1995-12-12
bmhBXmNWjwNytired,United States,Yes,No,Caucasian/White,No,Male,Technical/Community College,Yes,"$40,000–$59,999",1991-10-29
dmTiVlq5I8a5zGred,United States,Yes,No,Caucasian/White,No,Female,Technical/Community College,Yes,"$60,000–$79,999",1974-10-10
j1CE0wpe15K6ohpurple,United States,Yes,No,Caucasian/White,No,Male,High School Diploma (A-levels),Yes,"$40,000–$59,999",1992-06-02
e5Jo6R4H6phjhcred,United States,Yes,No,Asian,No,Male,High School Diploma (A-levels),Yes,"$40,000–$59,999",1997-01-01
eHJwnNWVTuevGVpurple,United States,Yes,No,Asian,No,Male,Undergraduate Degree (BA/BS/Other),Yes,"$60,000–$79,999",1986-10-08
eahENvyR1hEzyypurple,United States,Yes,No,Caucasian/White,No,Male,Undergraduate Degree (BA/BS/Other),Yes,"$60,000–$79,999",1981-05-08
fUNmskwebiBzHupurple,United States,Yes,No,Mixed Race,No,Female,Graduate Degree (MA/MS/MPhil/Other),Yes,"$100,000–$199,999",1983-07-11
fDAlORuC7CcToOred,United States,Yes,No,Caucasian/White,No,Male,Graduate Degree (MA/MS/MPhil/Other),Yes,"$100,000–$199,999",0973-05-25
fUNmskwebiBzHured,United States,Yes,No,Mixed Race,No,Female,Technical/Community College,Yes,"$20,000–$39,999",1995-03-13
g9RbB9CKARlXqZred,United States,Yes,No,Caucasian/White,No,Male,High School Diploma (A-levels),Yes,"Less than $20,000",1975-02-21
gTRM2td1f8g75yred,United States,Yes,No,Caucasian/White,No,Male,Undergraduate Degree (BA/BS/Other),Yes,"$60,000–$79,999",1989-02-24
iGDgW3dgzRD0xEred,United States,Yes,Yes,Mixed Race,No,Female,Graduate Degree (MA/MS/MPhil/Other),Yes,"$80,000–$99,999",1993-10-23
h2rgccCXDFdHoMred,United States,Yes,No,Asian,No,Male,Undergraduate Degree (BA/BS/Other),Yes,"$60,000–$79,999",1994-10-20
houjqcWO2aD5Ovpurple,United States,Yes,No,Caucasian/White,No,Female,High School Diploma (A-levels),Yes,"$100,000–$199,999",1978-06-09
hqdXjJ50oSQrNkred,United States,Yes,Yes,Asian,No,Male,Undergraduate Degree (BA/BS/Other),Yes,I prefer not to answer,2001-04-26
iGDgW3dgzRD0xEpurple,United States,Yes,No,Black/African American,No,Male,High School Diploma (A-levels),Yes,"$20,000–$39,999",1985-09-25
iadzI1R6uWA2BGpurple,United States,Yes,No,Caucasian/White,No,Male,High School Diploma (A-levels),Yes,"$20,000–$39,999",1981-04-20
j1CE0wpe15K6ohred,United States,Yes,No,Caucasian/White,No,Male,High School Diploma (A-levels),Yes,"Less than $20,000",1955-07-23
taclqy4j1clbuxred,United States,Yes,No,Caucasian/White,No,Male,Undergraduate Degree (BA/BS/Other),Yes,"$40,000–$59,999",1994-03-14
rh6PzaUldpAADMpurple,United States,Yes,No,Caucasian/White,No,Male,Undergraduate Degree (BA/BS/Other),Yes,"$20,000–$39,999",1992-11-11
mM1rQ6aOZHXZPYpurple,United States,Yes,No,Caucasian/White,No,Male,Technical/Community College,Yes,"$20,000–$39,999",1961-09-15
nAgTrmO6PiN2Igpurple,United States,Yes,No,Caucasian/White,No,Male,Undergraduate Degree (BA/BS/Other),Yes,"$40,000–$59,999",1997-11-20
oAvUXcfVXu9fNUpurple,United States,Yes,No,Caucasian/White,No,Female,Undergraduate Degree (BA/BS/Other),Yes,"$20,000–$39,999",1990-12-27
ouhiwVy9ZhPkYvpurple,United States,Yes,No,Caucasian/White,No,Male,Technical/Community College,Yes,"Less than $20,000",1964-12-14
rfy8O7jpwX6MUxred,United States,Yes,No,Caucasian/White,No,Male,Undergraduate Degree (BA/BS/Other),Yes,"$100,000–$199,999",1983-08-20
pyDbTJHCtGh8uCpurple,United States,Yes,No,Asian,No,Male,Undergraduate Degree (BA/BS/Other),Yes,"$20,000–$39,999",1984-12-03
r4JuAS09h5xvjVred,United States,Yes,No,Caucasian/White,No,Male,High School Diploma (A-levels),Yes,"Less than $20,000",1982-08-01
rfDaU15KPmQAWared,United States,Yes,No,Caucasian/White,No,Male,Undergraduate Degree (BA/BS/Other),Yes,"$60,000–$79,999",1964-01-15
rfy8O7jpwX6MUxpurple,United States,Yes,No,Black/African American,No,Male,Undergraduate Degree (BA/BS/Other),Yes,"$40,000–$59,999",1995-07-20
rh6PzaUldpAADMred,United States,No,No,Caucasian/White,No,Male,High School Diploma (A-levels),Yes,"$20,000–$39,999",1991-08-06
taclqy4j1clbuxpurple,United States,Yes,No,Caucasian/White,No,Male,Graduate Degree (MA/MS/MPhil/Other),Yes,"$40,000–$59,999",1991-04-07
tmdsDcY2zwomgIred,United States,Yes,No,Caucasian/White,No,Male,Technical/Community College,Yes,"Less than $20,000",1978-01-13
uJKusy6bZo6nxrpurple,United States,Yes,No,Caucasian/White,No,Male,Graduate Degree (MA/MS/MPhil/Other),Yes,"$100,000–$199,999",1953-11-03
uaeO7LcVVuS0Z1purple,United States,Yes,No,Caucasian/White,No,Male,Undergraduate Degree (BA/BS/Other),Yes,"Less than $20,000",1996-03-11
ucChqUN1ymnylPpurple,United States,Yes,No,Caucasian/White,No,Female,High School Diploma (A-levels),Yes,"$20,000–$39,999",1989-02-14
vCkogSq5b7No2Tred,United States,Yes,No,Caucasian/White,No,Male,Undergraduate Degree (BA/BS/Other),Yes,"$60,000–$79,999",1975-07-29
vtHWGpc72DWM7Ured,United States,Yes,No,Caucasian/White,No,Male,Undergraduate Degree (BA/BS/Other),Yes,"$60,000–$79,999",1989-10-20
w2ixw51E2kOOXppurple,United States,Yes,No,Caucasian/White,No,Male,Undergraduate Degree (BA/BS/Other),Yes,"$100,000–$199,999",1988-04-06
yExSMPVAyBy9Yipurple,United States,Yes,No,Caucasian/White,No,Female,Undergraduate Degree (BA/BS/Other),Yes,"$60,000–$79,999",1984-10-03
yM7Mq6iCXeB9Svpurple,United States,Yes,Yes,Caucasian/White,No,Male,Undergraduate Degree (BA/BS/Other),Yes,"$60,000–$79,999",1991-10-19
yPQzz9iPJVUCQmred,United States,Yes,No,Caucasian/White,No,Male,Technical/Community College,Yes,"$100,000–$199,999",1975-10-15
z0O7HwJVCNFeQWpurple,United States,Yes,No,Caucasian/White,No,Female,High School Diploma (A-levels),Yes,"$60,000–$79,999",1990-07-30
