session,costCond,visibilityCond,resourceCond,counterbalance,purpleBackpackSize,redBackpackSize,purplePoints,redPoints,step_expense,step_other_expense,energy_expense,other_expense,helping_event,steps,helpful_steps,helped,purpleHelped,redHelped,purpleHelpingEvents,redHelpingEvents,purpleHelpfulSteps,redHelpfulSteps
4ISIiFA1J99JSc,high,full,even,12.0,4,4,1376,1272,882.5,134.5,1760.0,269.0,29,893,146,True,True,True,14,15,76,70
4cKdZNL492Ie0V,high,self,uneven,6.0,5,3,1247,932,933.0,254.0,1861.0,508.0,58,970,280,True,True,True,32,26,146,134
4jqu3Fu3bRJBW3,low,self,uneven,14.0,3,5,2462,3276,1132.0,0.0,1132.0,0.0,0,1044,0,False,False,False,0,0,0,0
4zprMdo2BmCToc,low,full,uneven,9.0,3,5,2874,3454,1008.0,176.0,1008.0,176.0,45,922,176,True,True,True,19,26,86,90
69qumWi30zt8LB,high,self,uneven,9.0,3,5,330,1121,1032.0,13.0,2007.0,26.0,1,1020,13,True,False,True,0,1,0,13
69w4WM83iWOtRA,low,full,even,15.0,4,4,2949,3108,1104.0,0.0,1104.0,0.0,0,975,0,False,False,False,0,0,0,0
8lJhZWe3AcL1vB,low,full,even,2.0,4,4,3226,3183,1022.0,34.0,1022.0,34.0,4,960,34,True,True,True,2,2,17,17
8vpplWa1LA4tuJ,low,self,uneven,11.0,3,5,2404,3030,1165.0,41.0,1165.0,41.0,6,1043,41,True,False,True,0,6,0,41
9L0u3N594S7Tk5,high,self,even,6.0,4,4,827,759,1004.0,2.0,1968.0,4.0,1,1010,2,True,False,True,0,1,0,2
9Ww7oIT2IOq2Z2,low,full,even,4.0,4,4,2844,3202,1081.0,150.0,1081.0,150.0,34,977,148,True,True,True,18,16,80,68
A9f87dW16vP5cI,high,self,even,1.0,4,4,1260,1137,913.0,163.0,1821.0,326.0,32,972,188,True,True,True,15,17,71,117
AGOdVu74gfVMP7,low,full,even,12.0,4,4,2932,2675,1163.0,261.0,1163.0,261.0,51,1054,261,True,True,True,27,24,135,126
At5uLcV1gpuWFx,high,self,even,9.0,4,4,1184,1168,914.5,115.0,1804.0,230.0,27,907,115,True,True,True,13,14,53,62
AzuOzsa7YRyHF2,low,self,uneven,13.0,3,5,1811,2890,1283.0,56.0,1283.0,56.0,10,1131,56,True,True,True,9,1,46,10
Bj5ET9K9eXGWRE,high,full,uneven,0.0,5,3,1239,365,1002.0,0.0,1984.0,0.0,0,1109,0,False,False,False,0,0,0,0
CMHilxYAIrvn3c,low,self,uneven,14.0,3,5,2539,2871,1188.0,67.0,1188.0,67.0,11,1018,67,True,True,True,2,9,9,58
Ca0LA3R5gMWqRO,high,full,uneven,2.0,5,3,1132,478,1036.0,64.0,2002.0,128.0,15,1100,69,True,True,True,8,7,39,30
DJyWGrmCI4hedo,high,full,even,1.0,4,4,701,894,1034.5,6.0,1999.0,12.0,1,993,6,True,True,False,1,0,6,0
DlLaVuEDRhESNS,low,self,even,0.0,4,4,2768,2697,1165.0,0.0,1165.0,0.0,0,1021,0,False,False,False,0,0,0,0
DmpVBEJ1KtUGx2,high,self,even,8.0,4,4,1290,612,1008.0,18.0,1936.0,36.0,8,1028,58,True,False,True,0,8,0,58
DnYnqep04VmuqX,high,full,uneven,10.0,3,5,669,1102,996.5,96.5,1963.0,193.0,23,1064,103,True,True,True,9,14,57,46
E7ZN4PY4zC1bwd,low,self,uneven,6.0,5,3,2707,2200,1280.0,59.0,1280.0,59.0,8,1085,59,True,True,True,6,2,42,17
FfdgbZ2FZY2c8P,high,full,even,1.0,4,4,896,879,981.5,48.0,1923.0,96.0,10,956,48,True,True,True,5,5,24,24
G9PSkay14LWhVo,low,full,even,12.0,4,4,3478,3024,974.0,170.0,974.0,170.0,36,910,169,True,True,True,18,18,75,94
GIpt06E7scyQAs,low,full,uneven,0.0,5,3,3523,3242,954.0,152.0,954.0,152.0,38,878,152,True,True,True,23,15,87,65
GaoxGQc1Xmby2b,high,full,uneven,1.0,3,5,1325,1054,940.0,77.0,1819.0,154.0,19,922,84,True,True,True,2,17,6,78
GulhkpA1gdCtoQ,low,full,even,9.0,4,4,2956,2550,1182.0,0.0,1182.0,0.0,0,1010,0,False,False,False,0,0,0,0
Guo72GsAyCT2Pp,low,full,even,2.0,4,4,3249,3164,1041.0,28.0,1041.0,28.0,5,951,28,True,True,True,2,3,8,20
HJiQI8l8ixj7ZQ,low,full,even,2.0,4,4,2970,2910,1148.0,20.0,1148.0,20.0,2,1003,18,True,True,True,1,1,11,7
J6HDr7j8Eerd86,high,self,even,6.0,4,4,770,1347,957.5,166.0,1879.0,332.0,35,988,184,True,True,True,20,15,114,70
JTrMDviJOqSWLm,low,self,uneven,10.0,5,3,2611,2307,1321.0,18.0,1321.0,18.0,3,1120,18,True,True,True,2,1,12,6
JZ7WmKj6jM1mPr,high,self,uneven,6.0,5,3,953,298,1048.0,41.5,2076.0,83.0,5,1134,46,True,True,True,2,3,22,24
L2xJ1iWAIp1Lc5,high,full,even,10.0,4,4,778,683,1012.0,0.0,1999.0,0.0,0,1025,0,False,False,False,0,0,0,0
L4j2g1iErZ4AOn,low,self,uneven,8.0,3,5,3065,3191,1060.0,117.0,1060.0,117.0,27,970,117,True,True,True,9,18,38,79
L8ega4xIVuXXw0,high,full,even,14.0,4,4,1134,1064,952.5,38.0,1848.0,76.0,9,997,44,True,True,True,5,4,19,25
LAQLsLbGhKb4RP,high,self,even,1.0,4,4,799,880,998.5,19.0,1947.0,38.0,6,954,26,True,True,True,3,3,7,19
LEfPEyA1vi7QKF,low,self,even,8.0,4,4,3459,3257,970.0,72.0,970.0,72.0,12,908,72,True,True,True,6,6,31,41
LLlh0LYAxsUnae,low,self,even,5.0,4,4,3188,3120,1047.0,113.0,1047.0,113.0,20,958,113,True,True,True,10,10,55,58
LXqE9AMI4dF71I,high,self,even,13.0,4,4,940,600,1050.5,8.0,1997.0,16.0,1,1028,8,True,False,True,0,1,0,8
LzSp6319Cfrr4o,high,self,uneven,12.0,3,5,1061,1064,969.0,105.0,1880.0,210.0,22,1020,124,True,True,True,3,19,21,103
M8dSL0S7sLftMi,high,full,even,14.0,4,4,1118,1202,944.5,60.0,1845.0,120.0,8,1006,60,True,True,True,3,5,30,30
MnUx0OULOzy46v,high,self,even,11.0,4,4,697,792,1082.5,47.0,2006.0,94.0,5,1064,51,True,True,True,3,2,35,16
MsW5djQKZ3G3b8,low,self,even,15.0,4,4,2959,3118,1096.0,0.0,1096.0,0.0,0,976,0,False,False,False,0,0,0,0
MuoarHWH8NJvH4,low,full,even,3.0,4,4,3281,2982,1043.0,31.0,1043.0,31.0,5,934,31,True,True,True,2,3,9,22
N8ksNmv6G4q0om,low,self,even,0.0,4,4,2888,3058,1100.0,0.0,1100.0,0.0,0,992,0,False,False,False,0,0,0,0
NDCsX0J5xy0hPl,low,self,even,2.0,4,4,3160,3241,1031.0,54.0,1031.0,54.0,9,946,54,True,True,True,5,4,29,25
OBuLvcr2bLTJ9X,high,self,uneven,3.0,5,3,1203,772,982.0,49.0,1909.0,98.0,11,1057,49,True,True,True,8,3,35,14
ODyDBwJIrDmnma,high,self,uneven,12.0,3,5,471,748,1141.0,52.0,2094.0,104.0,8,1193,57,True,True,True,2,6,23,34
OGnbKD3L1ui9Xx,low,self,even,11.0,4,4,3277,3337,995.0,77.0,995.0,77.0,15,906,77,True,True,True,7,8,38,39
OmOv7snAvQ1k6l,high,full,uneven,12.0,3,5,396,1283,992.0,1.0,1964.0,2.0,1,1042,1,True,True,False,1,0,1,0
OmgEQJhArEcn1g,high,full,even,5.0,4,4,1111,1031,933.0,66.0,1851.0,132.0,13,957,66,True,True,True,6,7,27,39
P1QGEaN1plCNcG,low,self,even,14.0,4,4,3165,2720,1078.0,118.0,1078.0,118.0,23,936,118,True,True,True,8,15,37,81
PUc4EleMaTGBw1,high,full,uneven,12.0,3,5,387,1111,1025.0,9.0,2020.0,18.0,1,1127,9,True,False,True,0,1,0,9
Q3FSUc25MP9a9i,high,full,uneven,4.0,5,3,1031,318,1082.5,0.0,2050.0,0.0,2,1277,23,True,True,True,1,1,9,14
QDWga5kEF5PDb8,low,self,even,12.0,4,4,2707,2707,1187.0,15.0,1187.0,15.0,4,1006,15,True,True,True,3,1,4,11
QaoRhZIMQgl3IQ,high,full,uneven,4.0,5,3,1055,381,1043.0,23.0,2026.0,46.0,3,1170,37,True,True,True,1,2,11,26
R2Slnye8Cyp1Qc,low,self,even,4.0,4,4,3185,3088,1059.0,18.0,1059.0,18.0,2,976,18,True,True,True,1,1,6,12
ROhhh8jD6nNnDB,low,self,uneven,8.0,3,5,3219,3386,988.0,126.0,988.0,126.0,36,900,126,True,True,True,13,23,62,64
RV6SiTvJDsGKG9,high,self,even,1.0,4,4,1126,620,1001.0,15.0,1962.0,30.0,2,1053,15,True,False,True,0,2,0,15
RophlMz2pnT4Tj,high,self,even,15.0,4,4,1112,830,986.5,26.0,1923.0,52.0,4,960,26,True,True,True,2,2,13,13
SMBqTPtMeJmnqR,high,full,even,11.0,4,4,817,796,1029.5,0.0,1965.0,0.0,0,1006,0,False,False,False,0,0,0,0
SjLhgef8nbj9y0,high,full,uneven,7.0,5,3,1246,1231,899.5,145.0,1779.0,290.0,39,916,159,True,True,True,24,15,102,57
Sk5lsLH6JKqClz,low,full,even,2.0,4,4,2806,2849,1170.0,34.0,1170.0,34.0,4,1045,34,True,True,True,2,2,16,18
TADTf6vSlFIWUj,low,full,even,11.0,4,4,3104,2790,1080.0,50.0,1080.0,50.0,11,1005,50,True,True,True,5,6,18,32
TivIAtz1sWuRop,high,full,uneven,4.0,5,3,1056,309,1098.5,0.0,2043.0,0.0,1,1112,9,True,True,False,1,0,9,0
TvRvNKnRPmhY4z,low,full,even,14.0,4,4,2850,3385,1038.0,31.0,1038.0,31.0,6,946,31,True,True,True,4,2,29,2
UKP62V6OXpmahx,low,self,even,12.0,4,4,3211,3119,1003.0,184.0,1003.0,184.0,35,925,184,True,True,True,17,18,78,106
UNqFOhcB79Jntp,low,full,even,5.0,4,4,3377,3267,980.0,169.0,980.0,169.0,34,904,171,True,True,True,17,17,84,87
US5bIYNPktMeE8,low,self,even,3.0,4,4,3191,2861,1082.0,20.0,1082.0,20.0,2,998,20,True,False,True,0,2,0,20
Ujdl2K6GeflUWs,high,full,uneven,2.0,5,3,580,1115,1052.0,67.0,1984.0,134.0,18,1099,89,True,True,True,16,2,77,12
UnhhiQvINPhklV,low,full,uneven,6.0,5,3,2741,2181,1279.0,0.0,1279.0,0.0,0,1103,0,False,False,False,0,0,0,0
Uyet9JuJtlLzZb,low,self,even,6.0,4,4,3070,3174,1054.0,35.0,1054.0,35.0,9,955,35,True,True,True,4,5,17,18
V1ZNTsuOwNNanU,high,full,uneven,1.0,5,3,930,487,1046.0,10.0,2021.0,20.0,3,1066,11,True,True,True,2,1,3,8
VNfL7CS9kqaA96,high,self,even,10.0,4,4,1176,990,944.5,32.0,1859.0,64.0,4,974,45,True,True,True,2,2,23,22
VVQ14G1K25VOFw,low,self,uneven,9.0,3,5,2515,3050,1178.0,11.0,1178.0,11.0,1,1071,9,True,False,True,0,1,0,9
VdA2R2IUgWwoE0,high,full,uneven,11.0,3,5,808,828,1096.5,50.0,1991.0,100.0,11,1047,68,True,True,True,3,8,9,59
WDQco1ZEzMk9t4,high,self,uneven,5.0,5,3,1230,1016,944.0,122.0,1838.0,244.0,36,914,126,True,True,True,23,13,75,51
WS4jHMiQ5Wvznv,low,self,even,14.0,4,4,2917,2879,1132.0,18.0,1132.0,18.0,2,1045,18,True,False,True,0,2,0,18
Wc6dBMYJqBoTgM,high,self,even,3.0,4,4,1315,1138,923.0,148.0,1773.0,296.0,37,903,172,True,True,True,18,19,87,85
WfKAXB16bRWIhN,high,full,uneven,9.0,3,5,365,1238,1005.0,0.0,1983.0,0.0,0,1088,0,False,False,False,0,0,0,0
Ws3gYpmT60Husl,low,full,even,10.0,4,4,3166,3184,1034.0,24.0,1034.0,24.0,4,944,24,True,True,True,2,2,13,11
WtknHVwSndxWVi,high,full,uneven,0.0,5,3,1156,421,1033.0,24.0,2006.0,48.0,6,1095,34,True,True,True,4,2,24,10
WxnxzmERexQ5bW,high,full,uneven,1.0,5,3,1104,1321,896.0,308.0,1787.0,616.0,65,910,313,True,True,True,38,27,166,147
X0iPMkJ7Liehhg,high,full,uneven,0.0,5,3,1186,607,1009.0,198.0,1954.0,396.0,45,997,202,True,True,True,25,20,106,96
X5wp8pn3jjnYZN,low,full,uneven,10.0,3,5,2395,2911,1219.0,37.0,1219.0,37.0,6,1101,37,True,True,True,1,5,9,28
X8DGej05HelKX5,low,self,uneven,3.0,5,3,3005,2009,1302.0,37.0,1302.0,37.0,5,1173,37,True,True,True,3,2,20,17
XMuf3RR57NU3m5,low,full,even,0.0,4,4,2827,2891,1146.0,17.0,1146.0,17.0,2,1006,17,True,True,True,1,1,6,11
XN0GbPB6FoPUiK,low,full,even,0.0,4,4,2939,2761,1123.0,259.0,1123.0,259.0,48,989,259,True,True,True,23,25,119,140
XPEC7FMBuuCPir,low,self,even,8.0,4,4,2969,3184,1079.0,6.0,1079.0,6.0,1,974,6,True,True,False,1,0,6,0
XckY2QM5ENLITA,high,self,even,4.0,4,4,675,816,1022.5,6.0,1980.0,12.0,1,1056,6,True,True,False,1,0,6,0
Y5Ee8GJWeqjlXt,high,self,even,9.0,4,4,935,898,965.0,11.0,1905.0,22.0,3,996,11,True,True,True,1,2,1,10
YBWIqz1EycDN60,high,full,even,7.0,4,4,1092,799,986.0,24.0,1947.0,48.0,3,1062,24,True,True,True,1,2,9,15
YTLpZxpJ8wFKYn,high,self,even,3.0,4,4,807,1075,998.5,40.0,1937.0,80.0,7,1023,42,True,True,True,2,5,17,25
YWQLeBYIyGGU9K,low,self,even,2.0,4,4,3131,2158,1221.0,29.0,1221.0,29.0,3,1102,29,True,True,True,1,2,8,21
YlscJqG1VAqfiK,low,self,even,4.0,4,4,2514,3181,1150.0,12.0,1150.0,12.0,3,1015,12,True,True,True,1,2,7,5
YxsTXkl8CaN1X6,high,full,uneven,12.0,3,5,365,1224,1012.0,0.0,1989.0,0.0,0,1048,0,False,False,False,0,0,0,0
Z1MmUYkU8HcnwY,low,self,uneven,3.0,5,3,3125,2548,1148.0,88.0,1148.0,88.0,17,1034,88,True,True,True,11,6,53,35
Z7SpYO22HIBbPM,low,self,uneven,5.0,3,5,2289,2636,1286.0,0.0,1286.0,0.0,0,1169,0,False,False,False,0,0,0,0
ZCt3dSGHyf9oWx,high,self,uneven,7.0,3,5,584,839,1069.0,72.5,2038.0,145.0,23,1063,134,True,True,True,7,16,33,101
ZCyWpcTWCd7jgp,low,self,even,8.0,4,4,3262,3372,982.0,102.0,982.0,102.0,22,915,102,True,True,True,11,11,51,51
ZXML2nj8JylBEL,high,full,even,13.0,4,4,1006,1228,926.0,130.0,1842.0,260.0,21,945,130,True,True,True,11,10,81,49
ZXaM33h4ObwfWo,high,self,uneven,9.0,3,5,709,1211,986.0,93.0,1912.0,186.0,19,1079,105,True,True,True,9,10,53,52
ZYj0ZWjZBPKjxg,low,self,uneven,7.0,5,3,3243,3138,1032.0,110.0,1032.0,110.0,24,959,110,True,True,True,15,9,63,47
ZhYqU9gVYgKHJl,low,full,uneven,11.0,3,5,2148,3168,1182.0,39.0,1182.0,39.0,7,1080,39,True,True,True,3,4,13,26
Zisun9RYqiYFiK,high,full,even,15.0,4,4,1071,974,956.0,79.0,1897.0,158.0,16,974,93,True,True,True,7,9,27,66
a4t2VPZA11vQid,high,full,even,11.0,4,4,823,823,1007.0,0.0,1954.0,0.0,0,987,0,False,False,False,0,0,0,0
aLZ9I3JA6PvPXG,high,full,uneven,2.0,5,3,854,876,1052.0,155.0,1972.0,310.0,33,1016,162,True,True,True,19,14,79,83
aV3wUjPXaxYIFk,low,full,uneven,2.0,3,5,2354,3170,1140.0,197.0,1140.0,197.0,48,989,208,True,True,True,23,25,114,94
aZNoBH3CKa8Id0,low,self,even,11.0,4,4,3016,3276,1022.0,115.0,1022.0,115.0,21,940,115,True,True,True,10,11,49,66
b1R4Q8GF2ktTCZ,low,full,uneven,4.0,5,3,3386,3258,976.0,214.0,976.0,214.0,49,883,214,True,True,True,29,20,122,92
bL56aPv7CiRj88,high,self,uneven,0.0,5,3,1263,528,975.0,1.0,1935.0,2.0,1,1027,1,True,True,False,1,0,1,0
bSxiPUDOjnyQuF,low,self,even,10.0,4,4,3111,3086,1071.0,0.0,1071.0,0.0,0,970,0,False,False,False,0,0,0,0
bT9iNxrIJUbtdr,high,self,even,0.0,4,4,797,811,1012.0,0.0,1964.0,0.0,0,1004,0,False,False,False,0,0,0,0
bUEUPScS4YLfoK,low,self,uneven,9.0,3,5,2540,3163,1128.0,0.0,1128.0,0.0,0,1046,0,False,False,False,0,0,0,0
bVmYLCYVLxicfd,low,self,uneven,0.0,5,3,3268,2529,1137.0,0.0,1137.0,0.0,0,1030,0,False,False,False,0,0,0,0
bmhBXmNWjwNyti,high,full,uneven,8.0,3,5,401,1206,1014.5,0.0,1984.0,0.0,0,1042,0,False,False,False,0,0,0,0
bqngvoeTJeuWeN,low,self,even,12.0,4,4,3182,2899,1054.0,57.0,1054.0,57.0,7,979,57,True,True,True,3,4,29,28
cAwC1TGSkrbnoj,high,self,even,4.0,4,4,776,346,1131.5,191.0,2106.0,382.0,34,1150,191,True,True,True,11,23,53,138
cQno7de90Nisv8,low,full,even,6.0,4,4,2983,3281,1042.0,101.0,1042.0,101.0,14,965,101,True,True,True,7,7,49,52
cSRsRtAbohj0hL,high,self,uneven,1.0,3,5,1127,1063,990.5,150.0,1858.0,300.0,35,911,157,True,True,True,11,24,41,116
cZ2Vm2T1IneMta,low,full,even,12.0,4,4,3209,3220,1010.0,92.0,1010.0,92.0,19,937,92,True,True,True,10,9,50,42
cea8hSnEkGlya1,low,full,even,0.0,4,4,3071,3083,1091.0,24.0,1091.0,24.0,5,959,24,True,True,True,3,2,11,13
clx9egCH9BD66t,high,full,even,10.0,4,4,972,1093,973.5,25.0,1871.0,50.0,8,952,52,True,True,True,7,1,42,10
d2YvnIb1SzT5XL,high,self,even,0.0,4,4,847,827,988.0,0.0,1946.0,0.0,0,979,0,False,False,False,0,0,0,0
dHW5OLkb8K4Sqd,high,self,even,12.0,4,4,812,827,1000.0,0.0,1955.0,0.0,0,977,0,False,False,False,0,0,0,0
dfrrqJ9CgL6had,high,full,uneven,0.0,5,3,1232,309,1014.5,2.0,1999.0,4.0,2,1047,2,True,True,False,2,0,2,0
dmTiVlq5I8a5zG,low,self,uneven,5.0,5,3,3103,2401,1199.0,6.0,1199.0,6.0,1,1068,6,True,True,False,1,0,6,0
dmejtjxb2oH5lo,low,full,uneven,13.0,3,5,3298,3580,945.0,160.0,945.0,160.0,41,853,160,True,True,True,15,26,55,105
e5Jo6R4H6phjhc,high,self,uneven,2.0,5,3,1141,434,1034.5,28.0,1999.0,56.0,8,1084,36,True,True,True,4,4,21,15
eHJwnNWVTuevGV,low,full,uneven,13.0,3,5,2539,3312,1117.0,45.0,1117.0,45.0,12,1010,45,True,True,True,5,7,25,20
eahENvyR1hEzyy,high,self,even,15.0,4,4,939,846,993.5,18.0,1947.0,36.0,2,993,18,True,True,True,1,1,12,6
eajm87VGaWLtSZ,low,full,even,14.0,4,4,3023,3129,1082.0,0.0,1082.0,0.0,0,972,0,False,False,False,0,0,0,0
ehbYdmt9iiMOvV,high,self,even,5.0,4,4,1368,1372,866.0,69.0,1732.0,138.0,19,895,83,True,True,True,9,10,37,46
ehhMvavT6IT2p5,low,self,uneven,11.0,3,5,3187,3231,1027.0,89.0,1027.0,89.0,15,933,89,True,True,True,3,12,5,84
eoMZxUK4khXpzf,low,self,even,2.0,4,4,3238,3100,1037.0,27.0,1037.0,27.0,4,933,27,True,True,True,2,2,2,25
eySzqtn656jetd,high,full,even,1.0,4,4,1166,1379,894.5,81.0,1764.0,162.0,24,888,98,True,True,True,13,11,61,37
f6Lw9cmXJxY5o9,high,full,even,10.0,4,4,1201,686,974.5,18.0,1924.0,36.0,2,1023,18,True,False,True,0,2,0,18
fDAlORuC7CcToO,high,self,uneven,1.0,5,3,869,267,1087.0,6.0,2104.0,12.0,1,1160,6,True,True,False,1,0,6,0
fTeRNTUSx26CsC,high,self,even,15.0,4,4,787,819,1004.5,0.0,1963.0,0.0,0,1013,0,False,False,False,0,0,0,0
fUNmskwebiBzHu,low,self,even,0.0,4,4,3305,3337,978.0,217.0,978.0,217.0,38,914,218,True,True,True,19,19,115,103
g6Upbjw9ndtUvW,low,full,even,9.0,4,4,2934,3175,1060.0,83.0,1060.0,83.0,17,986,83,True,True,True,8,9,34,49
g9RbB9CKARlXqZ,low,self,uneven,9.0,3,5,2629,3213,1106.0,37.0,1106.0,37.0,7,1035,37,True,True,True,2,5,9,28
gA6I24mQCRlplv,high,full,uneven,14.0,3,5,342,1148,1034.0,12.0,2018.0,24.0,2,1080,12,True,True,False,2,0,12,0
gLJ5JQY3k3NKso,low,self,uneven,10.0,3,5,3173,3366,1020.0,184.0,1020.0,184.0,43,900,184,True,True,True,18,25,95,89
gTRM2td1f8g75y,low,self,uneven,0.0,5,3,2463,2451,1299.0,19.0,1299.0,19.0,3,1179,19,True,True,True,2,1,12,7
ge72bi8WT37W4P,low,full,even,8.0,4,4,3185,3545,960.0,189.0,960.0,189.0,42,890,189,True,True,True,21,21,104,85
gsABAaOP8uOiCM,high,full,even,7.0,4,4,1051,420,1091.5,166.0,2013.0,332.0,44,1050,193,True,True,True,21,23,97,96
gveKFkS64H1yip,high,full,uneven,15.0,3,5,1200,1196,913.0,174.0,1801.0,348.0,38,884,174,True,True,True,13,25,57,117
h2rgccCXDFdHoM,high,full,uneven,4.0,5,3,1284,1243,900.5,192.0,1751.0,384.0,46,908,199,True,True,True,28,18,114,85
hYVGa4iFoyeVVy,high,self,even,12.0,4,4,786,804,1010.5,0.0,1966.0,0.0,0,985,0,False,False,False,0,0,0,0
hifL60ShHbrzTZ,high,full,uneven,2.0,5,3,1223,412,997.5,0.0,1975.0,0.0,0,1093,0,False,False,False,0,0,0,0
houjqcWO2aD5Ov,high,self,uneven,6.0,5,3,1188,372,1011.0,0.0,1992.0,0.0,0,1111,0,False,False,False,0,0,0,0
hqdXjJ50oSQrNk,low,full,uneven,9.0,3,5,2287,3234,1168.0,0.0,1168.0,0.0,0,1073,0,False,False,False,0,0,0,0
hxh8tvpdPjCFh9,high,self,even,13.0,4,4,773,999,992.0,47.0,1939.0,94.0,5,1005,47,True,True,True,4,1,34,13
iGDgW3dgzRD0xE,low,full,uneven,11.0,3,5,2390,3080,1156.0,150.0,1156.0,150.0,35,1023,148,True,True,True,17,18,77,71
iadzI1R6uWA2BG,low,full,even,12.0,4,4,2881,3051,1095.0,4.0,1095.0,4.0,4,979,4,True,True,True,2,2,2,2
ir4TKUaQiNclJp,high,full,even,3.0,4,4,1050,1198,923.0,127.0,1836.0,254.0,21,979,127,True,True,True,11,10,80,47
irVcuGFfTVDLh7,high,full,even,8.0,4,4,951,1088,968.0,289.5,1906.0,579.0,50,963,302,True,True,True,24,26,150,152
iyujA2z8Zfkxws,low,full,even,12.0,4,4,2966,3167,1077.0,10.0,1077.0,10.0,1,978,10,True,True,False,1,0,10,0
j1CE0wpe15K6oh,high,self,even,15.0,4,4,759,982,1042.0,52.0,1974.0,104.0,10,1066,64,True,True,True,6,4,40,24
j81Gvcn1qWMp6p,low,self,even,11.0,4,4,3350,3464,946.0,216.0,946.0,216.0,48,880,216,True,True,True,24,24,106,110
jbpUv1U7IFVn3V,high,self,even,2.0,4,4,1128,1264,919.5,93.0,1809.0,186.0,22,974,114,True,True,True,12,10,63,51
joVZzg508p20O8,low,self,even,5.0,4,4,2879,3059,1127.0,274.0,1127.0,274.0,47,1027,274,True,True,True,24,23,134,140
jw2MrzzGFGh3Ss,high,full,even,6.0,4,4,1083,689,996.5,25.0,1938.0,50.0,5,951,25,True,False,True,0,5,0,25
kGhzawBAgmzC6Y,low,full,uneven,14.0,3,5,2817,3163,1094.0,112.0,1094.0,112.0,21,979,112,True,True,True,6,15,37,75
kVw1kRt8nsMuqG,high,self,uneven,7.0,5,3,1220,672,965.5,125.0,1918.0,250.0,32,1004,144,True,True,True,19,13,66,78
kiV9j24JQApvRH,low,full,even,5.0,4,4,3074,3152,1074.0,0.0,1074.0,0.0,0,958,0,False,False,False,0,0,0,0
kvjqlEEjeSSjTG,low,self,even,9.0,4,4,3418,3321,963.0,105.0,963.0,105.0,21,893,105,True,True,True,10,11,43,62
kyAtOR47CAXO01,low,self,uneven,1.0,5,3,3173,2870,1086.0,132.0,1086.0,132.0,24,952,132,True,True,True,14,10,80,52
l2MvczWOp8FY1x,low,self,uneven,0.0,5,3,2743,2892,1124.0,104.0,1124.0,104.0,20,1053,104,True,True,True,14,6,70,34
l8bDK3aO8wGxbQ,high,full,uneven,11.0,5,3,1151,605,1040.5,116.0,1986.0,232.0,28,1043,129,True,True,True,14,14,51,78
lJrsxwVCf7yUiN,low,self,uneven,3.0,5,3,3010,2112,1244.0,1.0,1244.0,1.0,1,1120,1,True,False,True,0,1,0,1
lOwFrEEMnA7n99,low,self,uneven,13.0,3,5,2554,3357,1084.0,94.0,1084.0,94.0,21,1010,94,True,True,True,8,13,40,54
lV8Ka6sfBZ2PQr,low,self,uneven,14.0,3,5,2647,3173,1136.0,126.0,1136.0,126.0,26,1049,126,True,True,True,11,15,53,73
lYmChdJMknpHlw,high,full,even,13.0,4,4,869,688,1040.0,6.0,1995.0,12.0,1,1018,6,True,False,True,0,1,0,6
lkNrIbKXLPIT0i,high,self,uneven,0.0,5,3,1239,330,1011.5,9.0,1993.0,18.0,1,1035,9,True,True,False,1,0,9,0
lsFCn1XMbjkQlM,high,self,uneven,3.0,3,5,454,1170,1020.0,47.0,1990.0,94.0,9,1059,47,True,True,True,4,5,23,24
m3SlY7K65mcVAI,high,full,even,11.0,4,4,759,783,1015.5,12.0,1980.0,24.0,1,1026,12,True,True,False,1,0,12,0
mB2Zp8vYtp5D8Q,low,full,uneven,5.0,5,3,2698,2454,1254.0,14.0,1254.0,14.0,2,1110,14,True,True,True,1,1,7,7
mJ9fjlcP23idAZ,high,full,even,10.0,4,4,827,831,1011.0,0.0,1950.0,0.0,0,1028,0,False,False,False,0,0,0,0
mM1rQ6aOZHXZPY,low,full,even,2.0,4,4,2906,3038,1112.0,0.0,1112.0,0.0,0,994,0,False,False,False,0,0,0,0
mY2ThHGLZfMrwC,high,full,even,12.0,4,4,962,694,1067.0,31.0,2004.0,62.0,7,1011,41,True,True,True,1,6,6,35
mYPjPb7XPDaLWH,low,full,even,0.0,4,4,2928,2895,1121.0,48.0,1121.0,48.0,6,1024,48,True,True,True,2,4,9,39
mYSqMHv81XrAoj,low,self,uneven,9.0,5,3,3204,2402,1168.0,0.0,1168.0,0.0,0,1050,0,False,False,False,0,0,0,0
mYe0prfMFlX1nr,low,self,even,15.0,4,4,3520,3259,943.0,181.0,943.0,181.0,36,886,181,True,True,True,18,18,77,104
mpcGaIj4HGABbb,low,full,uneven,2.0,5,3,2958,2134,1246.0,13.0,1246.0,13.0,1,1130,13,True,True,False,1,0,13,0
mq25Ud0HilaEHM,high,self,even,13.0,4,4,1266,820,969.5,99.0,1889.0,198.0,21,1024,131,True,True,True,9,12,54,77
n2xdNpKXXLb5LE,low,self,even,15.0,4,4,3185,3100,1058.0,10.0,1058.0,10.0,1,955,10,True,False,True,0,1,0,10
nAgTrmO6PiN2Ig,high,full,even,12.0,4,4,1124,1247,902.5,167.0,1770.0,334.0,43,898,176,True,True,True,22,21,105,71
nBkV82AICknxGh,high,self,even,14.0,4,4,778,576,1043.0,17.0,2051.0,34.0,4,1274,17,True,True,False,4,0,17,0
nCNU1gIAwXwaNj,high,full,uneven,1.0,5,3,882,354,1086.0,76.0,2125.0,152.0,13,1135,107,True,True,True,9,4,77,30
nEXaxjOYd2uIz2,high,self,uneven,3.0,5,3,1147,1217,940.5,131.0,1797.0,262.0,32,881,146,True,True,True,23,9,107,39
nQomfdUS4NkcDW,high,self,even,0.0,4,4,1156,999,938.5,38.0,1852.0,76.0,8,988,38,True,True,True,4,4,23,15
nSG6vfzQRyWkT5,high,full,even,0.0,4,4,792,1026,1029.5,20.5,1954.0,41.0,3,1054,26,True,True,True,2,1,15,11
nmHvJd8QHSgYaN,low,full,even,12.0,4,4,3216,2991,1045.0,65.0,1045.0,65.0,11,960,65,True,True,True,5,6,30,35
nzq97Uem5iQt5i,low,self,uneven,10.0,3,5,2962,3118,1085.0,192.0,1085.0,192.0,43,955,192,True,True,True,18,25,79,113
o3TlRoAkJBHNVZ,low,full,even,8.0,4,4,3299,3336,993.0,81.0,993.0,81.0,16,916,81,True,True,True,8,8,41,40
oAvUXcfVXu9fNU,high,self,uneven,0.0,5,3,978,327,1068.0,26.0,2071.0,52.0,3,1137,26,True,True,True,2,1,20,6
oGOi0GITrDQ7sp,low,self,uneven,9.0,5,3,3068,2816,1097.0,115.0,1097.0,115.0,24,1021,113,True,True,True,15,9,78,35
ofrwBLQNLeNuCO,high,full,even,3.0,4,4,772,1056,977.5,12.0,1920.0,24.0,2,1060,24,True,True,False,2,0,24,0
onQVTbxWfNm9z8,low,full,even,13.0,4,4,2445,2770,1207.0,184.0,1207.0,184.0,33,1080,205,True,True,True,17,16,133,72
orGrN0W4PmMnXY,low,self,even,6.0,4,4,3018,3034,1090.0,0.0,1090.0,0.0,0,990,0,False,False,False,0,0,0,0
ouhiwVy9ZhPkYv,high,self,uneven,10.0,3,5,483,1158,1010.0,51.0,1990.0,102.0,13,1058,77,True,True,True,4,9,39,38
oxrSBdIPj7nQxL,low,self,uneven,1.0,5,3,2487,2543,1256.0,68.0,1256.0,68.0,12,1122,68,True,True,True,8,4,52,16
p0ycy1TOQ3bixU,low,self,uneven,2.0,5,3,3116,2200,1252.0,57.0,1252.0,57.0,7,1130,55,True,True,True,3,4,17,38
pAXCOtBVeqYqaC,low,self,even,13.0,4,4,2952,2992,1108.0,0.0,1108.0,0.0,0,1000,0,False,False,False,0,0,0,0
pDgPXGd2o6BWjG,high,full,even,4.0,4,4,516,0,1161.0,0.0,2262.0,0.0,2,1764,10,True,True,False,2,0,10,0
pE0Aw88UbECQ9z,high,self,even,14.0,4,4,816,906,1089.0,52.0,1996.0,104.0,12,1015,64,True,True,True,7,5,32,32
pea5cIpaG1ZtcM,low,full,uneven,11.0,3,5,2781,2977,1156.0,49.0,1156.0,49.0,9,1004,47,True,True,True,1,8,1,46
ppSOuFiRpn2cSd,low,self,even,5.0,4,4,2923,3190,1079.0,21.0,1079.0,21.0,5,944,21,True,True,True,1,4,1,20
pqzVgpvBxeWX95,low,full,uneven,6.0,5,3,2986,2706,1163.0,221.0,1163.0,221.0,43,1062,221,True,True,True,25,18,102,119
pvR1wKqG0UHssq,low,full,uneven,1.0,5,3,3101,2532,1163.0,0.0,1163.0,0.0,0,1050,0,False,False,False,0,0,0,0
pyDbTJHCtGh8uC,high,self,uneven,4.0,5,3,1296,1025,920.0,150.0,1820.0,300.0,41,948,176,True,True,True,26,15,118,58
pyKUaJdU3ZCju1,low,self,even,8.0,4,4,2600,2968,1217.0,45.0,1217.0,45.0,5,1078,45,True,True,True,2,3,18,27
q0pOdv5cgccRxJ,low,full,even,11.0,4,4,3076,3041,1087.0,77.0,1087.0,77.0,12,995,77,True,True,True,6,6,35,42
q2nEYNMGIouP5r,high,self,uneven,1.0,5,3,892,1300,971.0,99.5,1844.0,199.0,29,942,126,True,True,True,22,7,94,32
q5g3GVcSYIYu5U,high,full,uneven,9.0,3,5,360,1102,1034.5,0.0,2014.0,0.0,0,1100,0,False,False,False,0,0,0,0
qD1pHXj549qdDJ,low,full,even,12.0,4,4,3484,3238,976.0,96.0,976.0,96.0,21,882,96,True,True,True,10,11,44,52
qR0OZtlpBD00E3,low,self,even,9.0,4,4,2732,2786,1172.0,0.0,1172.0,0.0,0,1060,0,False,False,False,0,0,0,0
qVtPGcYV5NIaKf,high,full,even,8.0,4,4,974,866,989.5,263.0,1959.0,526.0,45,1065,285,True,True,True,22,23,142,143
qVyVTWrfztcGar,low,full,even,2.0,4,4,2911,3171,1084.0,22.0,1084.0,22.0,2,980,22,True,True,False,2,0,22,0
qiIV46Hcubx7xG,high,full,even,2.0,4,4,1229,892,961.0,122.0,1872.0,244.0,21,1013,122,True,True,True,11,10,52,70
r1qjmWOCCencgM,low,self,even,1.0,4,4,3058,3143,1066.0,2.0,1066.0,2.0,2,954,2,True,True,True,1,1,1,1
r2kR0qQjC9HaEY,high,full,uneven,6.0,5,3,1300,719,973.5,41.0,1892.0,82.0,15,998,57,True,True,True,11,4,34,23
r4JuAS09h5xvjV,low,full,even,11.0,4,4,2744,2611,1227.0,78.0,1227.0,78.0,11,995,91,True,True,True,5,6,35,56
rAKY1xCChRHk9m,low,self,even,0.0,4,4,3371,3461,946.0,197.0,946.0,197.0,40,869,198,True,True,True,20,20,116,82
rBgdvsFqpyEZPO,low,full,even,15.0,4,4,2629,3093,1183.0,206.0,1183.0,206.0,35,960,204,True,True,True,19,16,109,95
rDb40M6BMO5XCV,high,self,even,15.0,4,4,788,796,1015.5,0.0,1971.0,0.0,0,982,0,False,False,False,0,0,0,0
rSpQvN7kie1Dog,high,self,uneven,10.0,3,5,549,1278,974.0,1.0,1928.0,2.0,1,1001,1,True,False,True,0,1,0,1
rT6JXOibGDFePd,high,self,even,5.0,4,4,1119,1020,972.0,83.0,1888.0,166.0,16,996,107,True,True,True,9,7,57,50
rfDaU15KPmQAWa,high,full,even,7.0,4,4,888,1222,968.0,67.0,1881.0,134.0,14,972,68,True,True,True,7,7,41,27
rfy8O7jpwX6MUx,low,self,uneven,14.0,3,5,2627,3338,1104.0,35.0,1104.0,35.0,7,1004,35,True,True,True,1,6,8,27
rh6PzaUldpAADM,low,self,even,8.0,4,4,3013,3273,1054.0,42.0,1054.0,42.0,6,963,42,True,True,True,4,2,35,7
rkc6hRyVkFgFu2,high,self,uneven,3.0,3,5,876,1238,957.5,250.5,1870.0,501.0,67,954,263,True,True,True,30,37,144,119
ruLinVapIyFBrU,low,self,even,9.0,4,4,3028,2914,1067.0,83.0,1067.0,83.0,15,1003,83,True,True,True,8,7,30,53
rvwiE1fqBe9AM9,high,full,uneven,5.0,5,3,1161,500,1006.0,2.0,1962.0,4.0,2,996,2,True,True,False,2,0,2,0
ryO9MvOSq3ZQUt,low,full,uneven,3.0,3,5,2697,3042,1160.0,56.0,1160.0,56.0,10,1015,56,True,True,True,3,7,20,36
s1AGWI2BmMFuFj,high,full,even,11.0,4,4,720,925,1007.0,21.0,1970.0,42.0,3,982,21,True,True,True,2,1,7,14
s1l3iQC1AEnUJ5,low,self,even,8.0,4,4,3148,3240,1043.0,12.0,1043.0,12.0,1,941,12,True,True,False,1,0,12,0
sHlPosOc3ofSEM,high,full,uneven,12.0,3,5,791,1247,958.0,61.0,1876.0,122.0,18,942,61,True,True,True,7,11,26,35
sQEPerAS4yJ951,low,full,even,8.0,4,4,2954,3209,1079.0,0.0,1079.0,0.0,0,954,0,False,False,False,0,0,0,0
sSDj42w2GOzQgp,high,full,uneven,10.0,3,5,624,884,1094.5,39.0,2033.0,78.0,8,1027,41,True,True,True,1,7,7,34
sUySWjJjb9YD4I,high,full,even,15.0,4,4,1004,1248,964.5,60.0,1858.0,120.0,16,1008,79,True,True,True,11,5,48,31
saQjVVcdrtHlWc,high,full,even,10.0,4,4,964,1056,961.5,184.5,1881.0,369.0,38,955,190,True,True,True,19,19,87,103
sdNusyrc7WKwEn,low,self,uneven,14.0,3,5,2663,2679,1205.0,151.0,1205.0,151.0,22,1067,151,True,True,True,6,16,37,114
smzTCpjQjzO75w,high,self,even,13.0,4,4,1352,1328,881.0,90.0,1752.0,180.0,21,960,92,True,True,True,10,11,47,45
t6L8f69NEHDL7V,low,self,uneven,8.0,3,5,2900,2877,1134.0,61.0,1134.0,61.0,11,1005,61,True,False,True,0,11,0,61
tPOTp95eOzplmR,low,full,even,6.0,4,4,2909,2979,1126.0,0.0,1126.0,0.0,0,992,0,False,False,False,0,0,0,0
tQtlXcPITugmWr,high,self,even,9.0,4,4,1332,1248,882.0,127.0,1764.0,254.0,30,879,128,True,True,True,15,15,57,71
tTzWVUafBlblR7,low,full,even,0.0,4,4,3239,3143,1032.0,33.0,1032.0,33.0,3,951,33,True,True,True,2,1,22,11
taclqy4j1clbux,low,full,uneven,5.0,5,3,2895,2568,1189.0,96.0,1189.0,96.0,19,1049,96,True,True,True,11,8,45,51
tgXnJilmKnniRs,low,full,uneven,0.0,5,3,3151,2480,1167.0,0.0,1167.0,0.0,0,1028,0,False,False,False,0,0,0,0
tifOihlQXXepB0,high,self,uneven,8.0,3,5,991,1200,955.0,135.0,1856.0,270.0,36,919,149,True,True,True,11,25,50,99
tjLeadeIXDhNcj,high,full,uneven,7.0,5,3,1159,302,1045.0,0.0,2020.0,0.0,0,1072,0,False,False,False,0,0,0,0
tk9UcqRWbZZjmb,low,full,even,6.0,4,4,3288,2989,1072.0,142.0,1072.0,142.0,28,955,140,True,True,True,15,13,68,72
tmdsDcY2zwomgI,low,full,uneven,8.0,3,5,2741,3100,1138.0,56.0,1138.0,56.0,12,1037,56,True,True,True,4,8,30,26
uHoTS2ROOLIs5h,high,full,even,3.0,4,4,1049,627,1013.5,41.0,1972.0,82.0,12,1002,53,True,True,True,7,5,13,40
uJKusy6bZo6nxr,low,full,uneven,5.0,5,3,1951,2521,1362.0,282.0,1362.0,282.0,38,1251,282,True,True,True,23,15,187,95
uaeO7LcVVuS0Z1,low,full,even,11.0,4,4,3435,3425,936.0,199.0,936.0,199.0,45,866,199,True,True,True,22,23,93,106
ucChqUN1ymnylP,low,full,even,13.0,4,4,3020,3004,1091.0,0.0,1091.0,0.0,0,985,0,False,False,False,0,0,0,0
uccX8B5f0br2b8,high,self,uneven,12.0,5,3,1036,789,1041.0,109.0,1932.0,218.0,31,1042,190,True,True,True,22,9,121,69
upoCxWMKNpMgbu,low,full,uneven,14.0,3,5,3377,3316,972.0,86.0,972.0,86.0,20,898,86,True,True,True,4,16,18,68
upttvg6ik5LipZ,high,self,even,15.0,4,4,752,1063,995.0,37.0,1955.0,74.0,5,1032,37,True,True,True,3,2,26,11
utdwJjYg9S6Dx6,high,self,uneven,7.0,5,3,1016,502,1044.5,199.0,2014.0,398.0,44,1073,216,True,True,True,22,22,115,101
uxvgRgnJ8BWntF,low,self,even,7.0,4,4,3307,3512,961.0,218.0,961.0,218.0,43,877,218,True,True,True,22,21,117,101
uyqSL1z3jMSVFD,high,full,even,5.0,4,4,1446,1134,934.0,162.5,1778.0,325.0,29,934,170,True,True,True,14,15,75,95
v5OJSphEm99Qwp,low,self,even,5.0,4,4,3081,3002,1097.0,9.0,1097.0,9.0,1,989,9,True,False,True,0,1,0,9
vA7UGvybSQysyD,high,self,uneven,3.0,5,3,1140,863,982.0,133.0,1894.0,266.0,27,1026,153,True,True,True,16,11,80,73
vCkogSq5b7No2T,high,full,uneven,12.0,3,5,838,1192,972.0,70.0,1902.0,140.0,11,1036,77,True,True,True,2,9,18,59
vHU7il4KtMWABV,high,full,uneven,12.0,3,5,366,1218,1012.5,1.0,1990.0,2.0,1,1048,1,True,False,True,0,1,0,1
vKUyXkeEF3b2fD,low,full,uneven,6.0,5,3,3162,2803,1089.0,108.0,1089.0,108.0,22,1036,108,True,True,True,13,9,61,47
vNWAxTycdY5RKG,high,full,even,14.0,4,4,871,803,1000.5,0.0,1946.0,0.0,0,991,0,False,False,False,0,0,0,0
vVKVGZeK8EuqGx,low,full,even,14.0,4,4,3035,2847,1133.0,17.0,1133.0,17.0,4,965,17,True,True,True,2,2,2,15
vpsp4L77u6fJdo,high,self,even,9.0,4,4,1262,952,969.5,75.0,1855.0,150.0,17,926,107,True,True,True,5,12,27,80
vqrBAUHbGaXO53,low,full,uneven,10.0,5,3,3218,2570,1142.0,0.0,1142.0,0.0,0,1024,0,False,False,False,0,0,0,0
vtHWGpc72DWM7U,low,self,uneven,8.0,3,5,2513,3058,1142.0,46.0,1142.0,46.0,8,1070,46,True,True,True,3,5,16,30
vxEsTrKUTqQqos,low,full,uneven,5.0,5,3,3316,2375,1163.0,0.0,1163.0,0.0,0,1043,0,False,False,False,0,0,0,0
w2ixw51E2kOOXp,low,self,even,6.0,4,4,3207,3281,1012.0,24.0,1012.0,24.0,5,924,24,True,True,True,2,3,11,13
w3KYmUFUbws8ib,high,self,even,1.0,4,4,772,971,1043.5,86.0,1976.0,172.0,16,1029,99,True,True,True,12,4,71,28
wICtidB7fjEuEu,high,self,even,0.0,4,4,1058,1104,962.0,201.5,1869.0,403.0,45,1010,245,True,True,True,22,23,130,115
wIZhL16JvntpuX,high,full,even,15.0,4,4,794,1019,1058.0,31.5,1966.0,63.0,6,979,38,True,True,True,5,1,30,8
wf5vpjzpWcOZVE,low,full,uneven,9.0,3,5,2067,2744,1277.0,0.0,1277.0,0.0,0,1095,0,False,False,False,0,0,0,0
woxKliqKtIfd83,low,self,uneven,12.0,5,3,2728,2488,1216.0,85.0,1216.0,85.0,20,1121,98,True,True,True,13,7,60,38
wpOAdIHJFpYb3t,low,full,even,15.0,4,4,2387,2339,1287.0,179.0,1287.0,179.0,29,1093,195,True,True,True,17,12,107,88
wsb7znJ8Quf08G,high,self,uneven,8.0,3,5,824,1025,997.0,47.5,1954.0,95.0,15,991,56,True,True,True,4,11,11,45
wz62ca4FtipVoE,low,full,uneven,9.0,3,5,1877,2660,1360.0,25.0,1360.0,25.0,6,1220,44,True,False,True,0,6,0,44
x2HPhDBJve42yD,high,full,even,2.0,4,4,810,999,966.5,25.0,1903.0,50.0,7,999,33,True,True,True,4,3,18,15
x3V05lvKjT0dBU,high,self,even,4.0,4,4,1142,952,953.5,19.0,1872.0,38.0,2,964,19,True,True,True,1,1,9,10
xGio19veqpXLXC,high,self,uneven,14.0,5,3,1254,432,986.0,0.0,1962.0,0.0,0,1080,0,False,False,False,0,0,0,0
xiDn9bfGiXWDVe,low,self,even,5.0,4,4,3104,3187,1065.0,18.0,1065.0,18.0,2,950,18,True,True,False,2,0,18,0
xnwLLRIfDeY55A,high,self,uneven,12.0,3,5,952,894,1030.5,46.5,1944.0,93.0,11,1059,61,True,True,True,2,9,14,47
xoeqSDpQqXmeI7,high,self,even,5.0,4,4,1028,794,1002.5,13.0,1925.0,26.0,4,989,25,True,True,True,3,1,12,13
xpwasKCgvCyvFR,high,full,even,11.0,4,4,1255,856,966.0,182.0,1867.0,364.0,40,924,181,True,True,True,20,20,86,95
xwJARLAabTZKjr,low,self,even,14.0,4,4,2829,3000,1140.0,1.0,1140.0,1.0,1,1018,1,True,True,False,1,0,1,0
xyB4sEvHF0TDqX,high,self,uneven,8.0,3,5,370,1250,1025.5,10.0,1981.0,20.0,5,1072,24,True,True,True,2,3,21,3
y3b4UJinRpphER,low,self,uneven,10.0,3,5,2850,3151,1103.0,92.0,1103.0,92.0,26,987,92,True,True,True,10,16,39,53
yExSMPVAyBy9Yi,high,full,uneven,4.0,5,3,1248,478,1009.5,1.0,1954.0,2.0,2,1037,15,True,True,False,2,0,15,0
yGXf0uEtaQzN97,low,self,uneven,3.0,5,3,2968,2430,1183.0,14.0,1183.0,14.0,1,1064,14,True,True,False,1,0,14,0
yJ1WHQ0RMpmLPq,high,full,uneven,9.0,3,5,397,1223,1000.0,11.0,1980.0,22.0,1,1083,11,True,False,True,0,1,0,11
yM7Mq6iCXeB9Sv,low,full,uneven,5.0,5,3,3081,2171,1228.0,0.0,1228.0,0.0,0,1090,0,False,False,False,0,0,0,0
yNaS2Bq6dttKqL,low,full,uneven,11.0,3,5,2328,3071,1160.0,22.0,1160.0,22.0,3,1071,22,True,False,True,0,3,0,22
yOIPc2hq9cwTcp,low,full,even,4.0,4,4,3012,2650,1154.0,0.0,1154.0,0.0,0,1020,0,False,False,False,0,0,0,0
yOY40J4qWxVxA1,low,self,even,11.0,4,4,3006,2945,1098.0,0.0,1098.0,0.0,0,996,0,False,False,False,0,0,0,0
yPQzz9iPJVUCQm,high,full,uneven,12.0,3,5,151,1150,1106.5,13.0,2075.0,26.0,9,1128,57,True,True,True,3,6,13,44
yoZ6vpODYaJIyo,low,full,uneven,11.0,5,3,3167,2574,1124.0,22.0,1124.0,22.0,5,1005,22,True,True,True,4,1,15,7
yvS8lPfYPkwZyu,low,full,even,2.0,4,4,3132,2881,1107.0,17.0,1107.0,17.0,2,1002,17,True,True,True,1,1,9,8
z0O7HwJVCNFeQW,low,full,uneven,8.0,3,5,1997,3246,1224.0,0.0,1224.0,0.0,0,1086,0,False,False,False,0,0,0,0
z0X3T2CyienXi6,high,full,uneven,0.0,5,3,1247,752,993.5,14.0,1899.0,28.0,8,1044,32,True,True,False,8,0,32,0
z9iAhAIiy9Iuee,high,self,uneven,13.0,3,5,851,1184,970.0,135.0,1893.0,270.0,39,933,136,True,True,True,16,23,62,74
zEsErbuvrMr0Hg,low,self,uneven,6.0,5,3,3263,2646,1092.0,121.0,1092.0,121.0,30,987,119,True,True,True,18,12,70,49
zJ3HGb5JBocd03,high,self,uneven,13.0,3,5,580,1389,976.0,137.0,1909.0,274.0,39,951,160,True,True,True,19,20,88,72
zNOjNV4uWPQlRp,low,self,even,6.0,4,4,3548,3411,933.0,115.0,933.0,115.0,24,859,115,True,True,True,12,12,62,53
zRDK2ekdFueGoR,low,self,uneven,4.0,5,3,2735,2779,1147.0,243.0,1147.0,243.0,51,1006,241,True,True,True,31,20,142,99
zRNUjyaiWBgEP0,high,self,uneven,3.0,3,5,1181,1112,921.0,166.0,1827.0,332.0,39,985,192,True,True,True,14,25,62,130
