session,subjid,agent,costCond,visibilityCond,resourceCond,counterbalance,ownBPsize,points,step_expense,step_other_expense,energy_expense,other_expense,helping_event,steps,helpful_steps,helped,partnerHelped,partnerHelpingEvents,partnerHelpfulSteps
4ISIiFA1J99JSc,4ISIiFA1J99JScpurple,purple,high,full,even,12.0,4,1376,434.5,64.5,864.0,129.0,14,450,76,True,True,15,70
4ISIiFA1J99JSc,4ISIiFA1J99JScred,red,high,full,even,12.0,4,1272,448.0,70.0,896.0,140.0,15,443,70,True,True,14,76
4cKdZNL492Ie0V,4cKdZNL492Ie0Vpurple,purple,high,self,uneven,6.0,5,1247,444.0,145.0,883.0,290.0,32,458,146,True,True,26,134
4cKdZNL492Ie0V,4cKdZNL492Ie0Vred,red,high,self,uneven,6.0,3,932,489.0,109.0,978.0,218.0,26,512,134,True,True,32,146
4jqu3Fu3bRJBW3,4jqu3Fu3bRJBW3purple,purple,low,self,uneven,14.0,3,2462,634.0,0.0,634.0,0.0,0,598,0,False,False,0,0
4jqu3Fu3bRJBW3,4jqu3Fu3bRJBW3red,red,low,self,uneven,14.0,5,3276,498.0,0.0,498.0,0.0,0,446,0,False,False,0,0
4zprMdo2BmCToc,4zprMdo2BmCTocpurple,purple,low,full,uneven,9.0,3,2874,544.0,86.0,544.0,86.0,19,497,86,True,True,26,90
4zprMdo2BmCToc,4zprMdo2BmCTocred,red,low,full,uneven,9.0,5,3454,464.0,90.0,464.0,90.0,26,425,90,True,True,19,86
69qumWi30zt8LB,69qumWi30zt8LBpurple,purple,high,self,uneven,9.0,3,330,551.0,0.0,1080.0,0.0,0,569,0,False,True,1,13
69qumWi30zt8LB,69qumWi30zt8LBred,red,high,self,uneven,9.0,5,1121,481.0,13.0,927.0,26.0,1,451,13,True,False,0,0
69w4WM83iWOtRA,69w4WM83iWOtRApurple,purple,low,full,even,15.0,4,2949,565.0,0.0,565.0,0.0,0,499,0,False,False,0,0
69w4WM83iWOtRA,69w4WM83iWOtRAred,red,low,full,even,15.0,4,3108,539.0,0.0,539.0,0.0,0,476,0,False,False,0,0
8lJhZWe3AcL1vB,8lJhZWe3AcL1vBpurple,purple,low,full,even,2.0,4,3226,501.0,17.0,501.0,17.0,2,467,17,True,True,2,17
8lJhZWe3AcL1vB,8lJhZWe3AcL1vBred,red,low,full,even,2.0,4,3183,521.0,17.0,521.0,17.0,2,493,17,True,True,2,17
8vpplWa1LA4tuJ,8vpplWa1LA4tuJpurple,purple,low,self,uneven,11.0,3,2404,626.0,0.0,626.0,0.0,0,548,0,False,True,6,41
8vpplWa1LA4tuJ,8vpplWa1LA4tuJred,red,low,self,uneven,11.0,5,3030,539.0,41.0,539.0,41.0,6,495,41,True,False,0,0
9L0u3N594S7Tk5,9L0u3N594S7Tk5purple,purple,high,self,even,6.0,4,827,500.0,0.0,975.0,0.0,0,486,0,False,True,1,2
9L0u3N594S7Tk5,9L0u3N594S7Tk5red,red,high,self,even,6.0,4,759,504.0,2.0,993.0,4.0,1,524,2,True,False,0,0
9Ww7oIT2IOq2Z2,9Ww7oIT2IOq2Z2purple,purple,low,full,even,4.0,4,2844,570.0,82.0,570.0,82.0,18,529,80,True,True,16,68
9Ww7oIT2IOq2Z2,9Ww7oIT2IOq2Z2red,red,low,full,even,4.0,4,3202,511.0,68.0,511.0,68.0,16,448,68,True,True,18,80
A9f87dW16vP5cI,A9f87dW16vP5cIpurple,purple,high,self,even,1.0,4,1260,447.0,71.0,894.0,142.0,15,466,71,True,True,17,117
A9f87dW16vP5cI,A9f87dW16vP5cIred,red,high,self,even,1.0,4,1137,466.0,92.0,927.0,184.0,17,506,117,True,True,15,71
AGOdVu74gfVMP7,AGOdVu74gfVMP7purple,purple,low,full,even,12.0,4,2932,552.0,135.0,552.0,135.0,27,526,135,True,True,24,126
AGOdVu74gfVMP7,AGOdVu74gfVMP7red,red,low,full,even,12.0,4,2675,611.0,126.0,611.0,126.0,24,528,126,True,True,27,135
At5uLcV1gpuWFx,At5uLcV1gpuWFxpurple,purple,high,self,even,9.0,4,1184,455.0,53.0,900.0,106.0,13,462,53,True,True,14,62
At5uLcV1gpuWFx,At5uLcV1gpuWFxred,red,high,self,even,9.0,4,1168,459.5,62.0,904.0,124.0,14,445,62,True,True,13,53
AzuOzsa7YRyHF2,AzuOzsa7YRyHF2purple,purple,low,self,uneven,13.0,3,1811,711.0,46.0,711.0,46.0,9,707,46,True,True,1,10
AzuOzsa7YRyHF2,AzuOzsa7YRyHF2red,red,low,self,uneven,13.0,5,2890,572.0,10.0,572.0,10.0,1,424,10,True,True,9,46
Bj5ET9K9eXGWRE,Bj5ET9K9eXGWREpurple,purple,high,full,uneven,0.0,5,1239,455.0,0.0,895.0,0.0,0,486,0,False,False,0,0
Bj5ET9K9eXGWRE,Bj5ET9K9eXGWREred,red,high,full,uneven,0.0,3,365,547.0,0.0,1089.0,0.0,0,623,0,False,False,0,0
CMHilxYAIrvn3c,CMHilxYAIrvn3cpurple,purple,low,self,uneven,14.0,3,2539,618.0,9.0,618.0,9.0,2,511,9,True,True,9,58
CMHilxYAIrvn3c,CMHilxYAIrvn3cred,red,low,self,uneven,14.0,5,2871,570.0,58.0,570.0,58.0,9,507,58,True,True,2,9
Ca0LA3R5gMWqRO,Ca0LA3R5gMWqROpurple,purple,high,full,uneven,2.0,5,1132,484.5,35.0,934.0,70.0,8,490,39,True,True,7,30
Ca0LA3R5gMWqRO,Ca0LA3R5gMWqROred,red,high,full,uneven,2.0,3,478,551.5,29.0,1068.0,58.0,7,610,30,True,True,8,39
DJyWGrmCI4hedo,DJyWGrmCI4hedopurple,purple,high,full,even,1.0,4,701,528.0,6.0,1021.0,12.0,1,489,6,True,False,0,0
DJyWGrmCI4hedo,DJyWGrmCI4hedored,red,high,full,even,1.0,4,894,506.5,0.0,978.0,0.0,0,504,0,False,True,1,6
DlLaVuEDRhESNS,DlLaVuEDRhESNSpurple,purple,low,self,even,0.0,4,2768,569.0,0.0,569.0,0.0,0,502,0,False,False,0,0
DlLaVuEDRhESNS,DlLaVuEDRhESNSred,red,low,self,even,0.0,4,2697,596.0,0.0,596.0,0.0,0,519,0,False,False,0,0
DmpVBEJ1KtUGx2,DmpVBEJ1KtUGx2purple,purple,high,self,even,8.0,4,1290,479.0,0.0,888.0,0.0,0,410,0,False,True,8,58
DmpVBEJ1KtUGx2,DmpVBEJ1KtUGx2red,red,high,self,even,8.0,4,612,529.0,18.0,1048.0,36.0,8,618,58,True,False,0,0
DnYnqep04VmuqX,DnYnqep04VmuqXpurple,purple,high,full,uneven,10.0,3,669,522.0,52.0,1019.0,104.0,9,561,57,True,True,14,46
DnYnqep04VmuqX,DnYnqep04VmuqXred,red,high,full,uneven,10.0,5,1102,474.5,44.5,944.0,89.0,14,503,46,True,True,9,57
E7ZN4PY4zC1bwd,E7ZN4PY4zC1bwdpurple,purple,low,self,uneven,6.0,5,2707,593.0,42.0,593.0,42.0,6,516,42,True,True,2,17
E7ZN4PY4zC1bwd,E7ZN4PY4zC1bwdred,red,low,self,uneven,6.0,3,2200,687.0,17.0,687.0,17.0,2,569,17,True,True,6,42
FfdgbZ2FZY2c8P,FfdgbZ2FZY2c8Ppurple,purple,high,full,even,1.0,4,896,490.0,24.0,960.0,48.0,5,486,24,True,True,5,24
FfdgbZ2FZY2c8P,FfdgbZ2FZY2c8Pred,red,high,full,even,1.0,4,879,491.5,24.0,963.0,48.0,5,470,24,True,True,5,24
G9PSkay14LWhVo,G9PSkay14LWhVopurple,purple,low,full,even,12.0,4,3478,444.0,75.0,444.0,75.0,18,416,75,True,True,18,94
G9PSkay14LWhVo,G9PSkay14LWhVored,red,low,full,even,12.0,4,3024,530.0,95.0,530.0,95.0,18,494,94,True,True,18,75
GIpt06E7scyQAs,GIpt06E7scyQAspurple,purple,low,full,uneven,0.0,5,3523,437.0,87.0,437.0,87.0,23,424,87,True,True,15,65
GIpt06E7scyQAs,GIpt06E7scyQAsred,red,low,full,uneven,0.0,3,3242,517.0,65.0,517.0,65.0,15,454,65,True,True,23,87
GaoxGQc1Xmby2b,GaoxGQc1Xmby2bpurple,purple,high,full,uneven,1.0,3,1325,465.0,6.0,869.0,12.0,2,408,6,True,True,17,78
GaoxGQc1Xmby2b,GaoxGQc1Xmby2bred,red,high,full,uneven,1.0,5,1054,475.0,71.0,950.0,142.0,17,514,78,True,True,2,6
GulhkpA1gdCtoQ,GulhkpA1gdCtoQpurple,purple,low,full,even,9.0,4,2956,555.0,0.0,555.0,0.0,0,492,0,False,False,0,0
GulhkpA1gdCtoQ,GulhkpA1gdCtoQred,red,low,full,even,9.0,4,2550,627.0,0.0,627.0,0.0,0,518,0,False,False,0,0
Guo72GsAyCT2Pp,Guo72GsAyCT2Pppurple,purple,low,full,even,2.0,4,3249,506.0,8.0,506.0,8.0,2,469,8,True,True,3,20
Guo72GsAyCT2Pp,Guo72GsAyCT2Ppred,red,low,full,even,2.0,4,3164,535.0,20.0,535.0,20.0,3,482,20,True,True,2,8
HJiQI8l8ixj7ZQ,HJiQI8l8ixj7ZQpurple,purple,low,full,even,2.0,4,2970,558.0,11.0,558.0,11.0,1,494,11,True,True,1,7
HJiQI8l8ixj7ZQ,HJiQI8l8ixj7ZQred,red,low,full,even,2.0,4,2910,590.0,9.0,590.0,9.0,1,509,7,True,True,1,11
J6HDr7j8Eerd86,J6HDr7j8Eerd86purple,purple,high,self,even,6.0,4,770,503.5,102.0,1002.0,204.0,20,557,114,True,True,15,70
J6HDr7j8Eerd86,J6HDr7j8Eerd86red,red,high,self,even,6.0,4,1347,454.0,64.0,877.0,128.0,15,431,70,True,True,20,114
JTrMDviJOqSWLm,JTrMDviJOqSWLmpurple,purple,low,self,uneven,10.0,5,2611,624.0,12.0,624.0,12.0,2,543,12,True,True,1,6
JTrMDviJOqSWLm,JTrMDviJOqSWLmred,red,low,self,uneven,10.0,3,2307,697.0,6.0,697.0,6.0,1,577,6,True,True,2,12
JZ7WmKj6jM1mPr,JZ7WmKj6jM1mPrpurple,purple,high,self,uneven,6.0,5,953,481.0,22.0,957.0,44.0,2,512,22,True,True,3,24
JZ7WmKj6jM1mPr,JZ7WmKj6jM1mPrred,red,high,self,uneven,6.0,3,298,567.0,19.5,1119.0,39.0,3,622,24,True,True,2,22
L2xJ1iWAIp1Lc5,L2xJ1iWAIp1Lc5purple,purple,high,full,even,10.0,4,778,498.0,0.0,986.0,0.0,0,505,0,False,False,0,0
L2xJ1iWAIp1Lc5,L2xJ1iWAIp1Lc5red,red,high,full,even,10.0,4,683,514.0,0.0,1013.0,0.0,0,520,0,False,False,0,0
L4j2g1iErZ4AOn,L4j2g1iErZ4AOnpurple,purple,low,self,uneven,8.0,3,3065,545.0,38.0,545.0,38.0,9,474,38,True,True,18,79
L4j2g1iErZ4AOn,L4j2g1iErZ4AOnred,red,low,self,uneven,8.0,5,3191,515.0,79.0,515.0,79.0,18,496,79,True,True,9,38
L8ega4xIVuXXw0,L8ega4xIVuXXw0purple,purple,high,full,even,14.0,4,1134,460.0,13.0,910.0,26.0,5,482,19,True,True,4,25
L8ega4xIVuXXw0,L8ega4xIVuXXw0red,red,high,full,even,14.0,4,1064,492.5,25.0,938.0,50.0,4,515,25,True,True,5,19
LAQLsLbGhKb4RP,LAQLsLbGhKb4RPpurple,purple,high,self,even,1.0,4,799,504.0,7.0,983.0,14.0,3,480,7,True,True,3,19
LAQLsLbGhKb4RP,LAQLsLbGhKb4RPred,red,high,self,even,1.0,4,880,494.5,12.0,964.0,24.0,3,474,19,True,True,3,7
LEfPEyA1vi7QKF,LEfPEyA1vi7QKFpurple,purple,low,self,even,8.0,4,3459,469.0,31.0,469.0,31.0,6,442,31,True,True,6,41
LEfPEyA1vi7QKF,LEfPEyA1vi7QKFred,red,low,self,even,8.0,4,3257,501.0,41.0,501.0,41.0,6,466,41,True,True,6,31
LLlh0LYAxsUnae,LLlh0LYAxsUnaepurple,purple,low,self,even,5.0,4,3188,515.0,55.0,515.0,55.0,10,475,55,True,True,10,58
LLlh0LYAxsUnae,LLlh0LYAxsUnaered,red,low,self,even,5.0,4,3120,532.0,58.0,532.0,58.0,10,483,58,True,True,10,55
LXqE9AMI4dF71I,LXqE9AMI4dF71Ipurple,purple,high,self,even,13.0,4,940,512.0,0.0,955.0,0.0,0,472,0,False,True,1,8
LXqE9AMI4dF71I,LXqE9AMI4dF71Ired,red,high,self,even,13.0,4,600,538.5,8.0,1042.0,16.0,1,556,8,True,False,0,0
LzSp6319Cfrr4o,LzSp6319Cfrr4opurple,purple,high,self,uneven,12.0,3,1061,491.5,11.0,930.0,22.0,3,468,21,True,True,19,103
LzSp6319Cfrr4o,LzSp6319Cfrr4ored,red,high,self,uneven,12.0,5,1064,477.5,94.0,950.0,188.0,19,552,103,True,True,3,21
M8dSL0S7sLftMi,M8dSL0S7sLftMipurple,purple,high,full,even,14.0,4,1118,485.5,30.0,931.0,60.0,3,481,30,True,True,5,30
M8dSL0S7sLftMi,M8dSL0S7sLftMired,red,high,full,even,14.0,4,1202,459.0,30.0,914.0,60.0,5,525,30,True,True,3,30
MnUx0OULOzy46v,MnUx0OULOzy46vpurple,purple,high,self,even,11.0,4,697,541.0,35.0,1019.0,70.0,3,549,35,True,True,2,16
MnUx0OULOzy46v,MnUx0OULOzy46vred,red,high,self,even,11.0,4,792,541.5,12.0,987.0,24.0,2,515,16,True,True,3,35
MsW5djQKZ3G3b8,MsW5djQKZ3G3b8purple,purple,low,self,even,15.0,4,2959,561.0,0.0,561.0,0.0,0,498,0,False,False,0,0
MsW5djQKZ3G3b8,MsW5djQKZ3G3b8red,red,low,self,even,15.0,4,3118,535.0,0.0,535.0,0.0,0,478,0,False,False,0,0
MuoarHWH8NJvH4,MuoarHWH8NJvH4purple,purple,low,full,even,3.0,4,3281,497.0,9.0,497.0,9.0,2,446,9,True,True,3,22
MuoarHWH8NJvH4,MuoarHWH8NJvH4red,red,low,full,even,3.0,4,2982,546.0,22.0,546.0,22.0,3,488,22,True,True,2,9
N8ksNmv6G4q0om,N8ksNmv6G4q0ompurple,purple,low,self,even,0.0,4,2888,558.0,0.0,558.0,0.0,0,506,0,False,False,0,0
N8ksNmv6G4q0om,N8ksNmv6G4q0omred,red,low,self,even,0.0,4,3058,542.0,0.0,542.0,0.0,0,486,0,False,False,0,0
NDCsX0J5xy0hPl,NDCsX0J5xy0hPlpurple,purple,low,self,even,2.0,4,3160,523.0,29.0,523.0,29.0,5,477,29,True,True,4,25
NDCsX0J5xy0hPl,NDCsX0J5xy0hPlred,red,low,self,even,2.0,4,3241,508.0,25.0,508.0,25.0,4,469,25,True,True,5,29
OBuLvcr2bLTJ9X,OBuLvcr2bLTJ9Xpurple,purple,high,self,uneven,3.0,5,1203,468.0,35.0,911.0,70.0,8,496,35,True,True,3,14
OBuLvcr2bLTJ9X,OBuLvcr2bLTJ9Xred,red,high,self,uneven,3.0,3,772,514.0,14.0,998.0,28.0,3,561,14,True,True,8,35
ODyDBwJIrDmnma,ODyDBwJIrDmnmapurple,purple,high,self,uneven,12.0,3,471,579.5,23.0,1069.0,46.0,2,683,23,True,True,6,34
ODyDBwJIrDmnma,ODyDBwJIrDmnmared,red,high,self,uneven,12.0,5,748,561.5,29.0,1025.0,58.0,6,510,34,True,True,2,23
OGnbKD3L1ui9Xx,OGnbKD3L1ui9Xxpurple,purple,low,self,even,11.0,4,3277,499.0,38.0,499.0,38.0,7,457,38,True,True,8,39
OGnbKD3L1ui9Xx,OGnbKD3L1ui9Xxred,red,low,self,even,11.0,4,3337,496.0,39.0,496.0,39.0,8,449,39,True,True,7,38
OmOv7snAvQ1k6l,OmOv7snAvQ1k6lpurple,purple,high,full,uneven,12.0,3,396,540.0,1.0,1080.0,2.0,1,592,1,True,False,0,0
OmOv7snAvQ1k6l,OmOv7snAvQ1k6lred,red,high,full,uneven,12.0,5,1283,452.0,0.0,884.0,0.0,0,450,0,False,True,1,1
OmgEQJhArEcn1g,OmgEQJhArEcn1gpurple,purple,high,full,even,5.0,4,1111,463.0,27.0,916.0,54.0,6,469,27,True,True,7,39
OmgEQJhArEcn1g,OmgEQJhArEcn1gred,red,high,full,even,5.0,4,1031,470.0,39.0,935.0,78.0,7,488,39,True,True,6,27
P1QGEaN1plCNcG,P1QGEaN1plCNcGpurple,purple,low,self,even,14.0,4,3165,494.0,37.0,494.0,37.0,8,395,37,True,True,15,81
P1QGEaN1plCNcG,P1QGEaN1plCNcGred,red,low,self,even,14.0,4,2720,584.0,81.0,584.0,81.0,15,541,81,True,True,8,37
PUc4EleMaTGBw1,PUc4EleMaTGBw1purple,purple,high,full,uneven,12.0,3,387,549.5,0.0,1084.0,0.0,0,640,0,False,True,1,9
PUc4EleMaTGBw1,PUc4EleMaTGBw1red,red,high,full,uneven,12.0,5,1111,475.5,9.0,936.0,18.0,1,487,9,True,False,0,0
Q3FSUc25MP9a9i,Q3FSUc25MP9a9ipurple,purple,high,full,uneven,4.0,5,1031,508.5,0.0,947.0,0.0,1,521,9,True,True,1,14
Q3FSUc25MP9a9i,Q3FSUc25MP9a9ired,red,high,full,uneven,4.0,3,318,574.0,0.0,1103.0,0.0,1,756,14,True,True,1,9
QDWga5kEF5PDb8,QDWga5kEF5PDb8purple,purple,low,self,even,12.0,4,2707,599.0,4.0,599.0,4.0,3,514,4,True,True,1,11
QDWga5kEF5PDb8,QDWga5kEF5PDb8red,red,low,self,even,12.0,4,2707,588.0,11.0,588.0,11.0,1,492,11,True,True,3,4
QaoRhZIMQgl3IQ,QaoRhZIMQgl3IQpurple,purple,high,full,uneven,4.0,5,1055,498.0,11.0,941.0,22.0,1,507,11,True,True,2,26
QaoRhZIMQgl3IQ,QaoRhZIMQgl3IQred,red,high,full,uneven,4.0,3,381,545.0,12.0,1085.0,24.0,2,663,26,True,True,1,11
R2Slnye8Cyp1Qc,R2Slnye8Cyp1Qcpurple,purple,low,self,even,4.0,4,3185,524.0,6.0,524.0,6.0,1,478,6,True,True,1,12
R2Slnye8Cyp1Qc,R2Slnye8Cyp1Qcred,red,low,self,even,4.0,4,3088,535.0,12.0,535.0,12.0,1,498,12,True,True,1,6
ROhhh8jD6nNnDB,ROhhh8jD6nNnDBpurple,purple,low,self,uneven,8.0,3,3219,513.0,62.0,513.0,62.0,13,448,62,True,True,23,64
ROhhh8jD6nNnDB,ROhhh8jD6nNnDBred,red,low,self,uneven,8.0,5,3386,475.0,64.0,475.0,64.0,23,452,64,True,True,13,62
RV6SiTvJDsGKG9,RV6SiTvJDsGKG9purple,purple,high,self,even,1.0,4,1126,475.0,0.0,920.0,0.0,0,503,0,False,True,2,15
RV6SiTvJDsGKG9,RV6SiTvJDsGKG9red,red,high,self,even,1.0,4,620,526.0,15.0,1042.0,30.0,2,550,15,True,False,0,0
RophlMz2pnT4Tj,RophlMz2pnT4Tjpurple,purple,high,self,even,15.0,4,1112,475.5,13.0,926.0,26.0,2,465,13,True,True,2,13
RophlMz2pnT4Tj,RophlMz2pnT4Tjred,red,high,self,even,15.0,4,830,511.0,13.0,997.0,26.0,2,495,13,True,True,2,13
SMBqTPtMeJmnqR,SMBqTPtMeJmnqRpurple,purple,high,full,even,11.0,4,817,505.5,0.0,981.0,0.0,0,506,0,False,False,0,0
SMBqTPtMeJmnqR,SMBqTPtMeJmnqRred,red,high,full,even,11.0,4,796,524.0,0.0,984.0,0.0,0,500,0,False,False,0,0
SjLhgef8nbj9y0,SjLhgef8nbj9y0purple,purple,high,full,uneven,7.0,5,1246,446.5,98.0,888.0,196.0,24,460,102,True,True,15,57
SjLhgef8nbj9y0,SjLhgef8nbj9y0red,red,high,full,uneven,7.0,3,1231,453.0,47.0,891.0,94.0,15,456,57,True,True,24,102
Sk5lsLH6JKqClz,Sk5lsLH6JKqClzpurple,purple,low,full,even,2.0,4,2806,588.0,16.0,588.0,16.0,2,528,16,True,True,2,18
Sk5lsLH6JKqClz,Sk5lsLH6JKqClzred,red,low,full,even,2.0,4,2849,582.0,18.0,582.0,18.0,2,517,18,True,True,2,16
TADTf6vSlFIWUj,TADTf6vSlFIWUjpurple,purple,low,full,even,11.0,4,3104,497.0,18.0,497.0,18.0,5,470,18,True,True,6,32
TADTf6vSlFIWUj,TADTf6vSlFIWUjred,red,low,full,even,11.0,4,2790,583.0,32.0,583.0,32.0,6,535,32,True,True,5,18
TivIAtz1sWuRop,TivIAtz1sWuRoppurple,purple,high,full,uneven,4.0,5,1056,507.0,0.0,942.0,0.0,1,479,9,True,False,0,0
TivIAtz1sWuRop,TivIAtz1sWuRopred,red,high,full,uneven,4.0,3,309,591.5,0.0,1101.0,0.0,0,633,0,False,True,1,9
TvRvNKnRPmhY4z,TvRvNKnRPmhY4zpurple,purple,low,full,even,14.0,4,2850,557.0,29.0,557.0,29.0,4,522,29,True,True,2,2
TvRvNKnRPmhY4z,TvRvNKnRPmhY4zred,red,low,full,even,14.0,4,3385,481.0,2.0,481.0,2.0,2,424,2,True,True,4,29
UKP62V6OXpmahx,UKP62V6OXpmahxpurple,purple,low,self,even,12.0,4,3211,484.0,78.0,484.0,78.0,17,448,78,True,True,18,106
UKP62V6OXpmahx,UKP62V6OXpmahxred,red,low,self,even,12.0,4,3119,519.0,106.0,519.0,106.0,18,477,106,True,True,17,78
UNqFOhcB79Jntp,UNqFOhcB79Jntppurple,purple,low,full,even,5.0,4,3377,481.0,84.0,481.0,84.0,17,441,84,True,True,17,87
UNqFOhcB79Jntp,UNqFOhcB79Jntpred,red,low,full,even,5.0,4,3267,499.0,85.0,499.0,85.0,17,463,87,True,True,17,84
US5bIYNPktMeE8,US5bIYNPktMeE8purple,purple,low,self,even,3.0,4,3191,509.0,0.0,509.0,0.0,0,464,0,False,True,2,20
US5bIYNPktMeE8,US5bIYNPktMeE8red,red,low,self,even,3.0,4,2861,573.0,20.0,573.0,20.0,2,534,20,True,False,0,0
Ujdl2K6GeflUWs,Ujdl2K6GeflUWspurple,purple,high,full,uneven,2.0,5,580,547.5,61.0,1064.0,122.0,16,643,77,True,True,2,12
Ujdl2K6GeflUWs,Ujdl2K6GeflUWsred,red,high,full,uneven,2.0,3,1115,504.5,6.0,920.0,12.0,2,456,12,True,True,16,77
UnhhiQvINPhklV,UnhhiQvINPhklVpurple,purple,low,full,uneven,6.0,5,2741,572.0,0.0,572.0,0.0,0,482,0,False,False,0,0
UnhhiQvINPhklV,UnhhiQvINPhklVred,red,low,full,uneven,6.0,3,2181,707.0,0.0,707.0,0.0,0,621,0,False,False,0,0
Uyet9JuJtlLzZb,Uyet9JuJtlLzZbpurple,purple,low,self,even,6.0,4,3070,528.0,17.0,528.0,17.0,4,479,17,True,True,5,18
Uyet9JuJtlLzZb,Uyet9JuJtlLzZbred,red,low,self,even,6.0,4,3174,526.0,18.0,526.0,18.0,5,476,18,True,True,4,17
V1ZNTsuOwNNanU,V1ZNTsuOwNNanUpurple,purple,high,full,uneven,1.0,5,930,495.0,2.0,959.0,4.0,2,487,3,True,True,1,8
V1ZNTsuOwNNanU,V1ZNTsuOwNNanUred,red,high,full,uneven,1.0,3,487,551.0,8.0,1062.0,16.0,1,579,8,True,True,2,3
VNfL7CS9kqaA96,VNfL7CS9kqaA96purple,purple,high,self,even,10.0,4,1176,462.5,10.0,910.0,20.0,2,481,23,True,True,2,22
VNfL7CS9kqaA96,VNfL7CS9kqaA96red,red,high,self,even,10.0,4,990,482.0,22.0,949.0,44.0,2,493,22,True,True,2,23
VVQ14G1K25VOFw,VVQ14G1K25VOFwpurple,purple,low,self,uneven,9.0,3,2515,634.0,0.0,634.0,0.0,0,586,0,False,True,1,9
VVQ14G1K25VOFw,VVQ14G1K25VOFwred,red,low,self,uneven,9.0,5,3050,544.0,11.0,544.0,11.0,1,485,9,True,False,0,0
VdA2R2IUgWwoE0,VdA2R2IUgWwoE0purple,purple,high,full,uneven,11.0,3,808,550.0,9.0,984.0,18.0,3,521,9,True,True,8,59
VdA2R2IUgWwoE0,VdA2R2IUgWwoE0red,red,high,full,uneven,11.0,5,828,546.5,41.0,1007.0,82.0,8,526,59,True,True,3,9
WDQco1ZEzMk9t4,WDQco1ZEzMk9t4purple,purple,high,self,uneven,5.0,5,1230,446.0,75.0,892.0,150.0,23,459,75,True,True,13,51
WDQco1ZEzMk9t4,WDQco1ZEzMk9t4red,red,high,self,uneven,5.0,3,1016,498.0,47.0,946.0,94.0,13,455,51,True,True,23,75
WS4jHMiQ5Wvznv,WS4jHMiQ5Wvznvpurple,purple,low,self,even,14.0,4,2917,552.0,0.0,552.0,0.0,0,514,0,False,True,2,18
WS4jHMiQ5Wvznv,WS4jHMiQ5Wvznvred,red,low,self,even,14.0,4,2879,580.0,18.0,580.0,18.0,2,531,18,True,False,0,0
Wc6dBMYJqBoTgM,Wc6dBMYJqBoTgMpurple,purple,high,self,even,3.0,4,1315,454.0,75.0,869.0,150.0,18,435,87,True,True,19,85
Wc6dBMYJqBoTgM,Wc6dBMYJqBoTgMred,red,high,self,even,3.0,4,1138,469.0,73.0,904.0,146.0,19,468,85,True,True,18,87
WfKAXB16bRWIhN,WfKAXB16bRWIhNpurple,purple,high,full,uneven,9.0,3,365,549.5,0.0,1089.0,0.0,0,604,0,False,False,0,0
WfKAXB16bRWIhN,WfKAXB16bRWIhNred,red,high,full,uneven,9.0,5,1238,455.5,0.0,894.0,0.0,0,484,0,False,False,0,0
Ws3gYpmT60Husl,Ws3gYpmT60Huslpurple,purple,low,full,even,10.0,4,3166,517.0,13.0,517.0,13.0,2,471,13,True,True,2,11
Ws3gYpmT60Husl,Ws3gYpmT60Huslred,red,low,full,even,10.0,4,3184,517.0,11.0,517.0,11.0,2,473,11,True,True,2,13
WtknHVwSndxWVi,WtknHVwSndxWVipurple,purple,high,full,uneven,0.0,5,1156,474.5,18.0,919.0,36.0,4,498,24,True,True,2,10
WtknHVwSndxWVi,WtknHVwSndxWVired,red,high,full,uneven,0.0,3,421,558.5,6.0,1087.0,12.0,2,597,10,True,True,4,24
WxnxzmERexQ5bW,WxnxzmERexQ5bWpurple,purple,high,full,uneven,1.0,5,1104,457.0,166.0,914.0,332.0,38,472,166,True,True,27,147
WxnxzmERexQ5bW,WxnxzmERexQ5bWred,red,high,full,uneven,1.0,3,1321,439.0,142.0,873.0,284.0,27,438,147,True,True,38,166
X0iPMkJ7Liehhg,X0iPMkJ7Liehhgpurple,purple,high,full,uneven,0.0,5,1186,469.0,106.0,904.0,212.0,25,476,106,True,True,20,96
X0iPMkJ7Liehhg,X0iPMkJ7Liehhgred,red,high,full,uneven,0.0,3,607,540.0,92.0,1050.0,184.0,20,521,96,True,True,25,106
X5wp8pn3jjnYZN,X5wp8pn3jjnYZNpurple,purple,low,full,uneven,10.0,3,2395,647.0,9.0,647.0,9.0,1,584,9,True,True,5,28
X5wp8pn3jjnYZN,X5wp8pn3jjnYZNred,red,low,full,uneven,10.0,5,2911,572.0,28.0,572.0,28.0,5,517,28,True,True,1,9
X8DGej05HelKX5,X8DGej05HelKX5purple,purple,low,self,uneven,3.0,5,3005,554.0,20.0,554.0,20.0,3,490,20,True,True,2,17
X8DGej05HelKX5,X8DGej05HelKX5red,red,low,self,uneven,3.0,3,2009,748.0,17.0,748.0,17.0,2,683,17,True,True,3,20
XMuf3RR57NU3m5,XMuf3RR57NU3m5purple,purple,low,full,even,0.0,4,2827,583.0,6.0,583.0,6.0,1,498,6,True,True,1,11
XMuf3RR57NU3m5,XMuf3RR57NU3m5red,red,low,full,even,0.0,4,2891,563.0,11.0,563.0,11.0,1,508,11,True,True,1,6
XN0GbPB6FoPUiK,XN0GbPB6FoPUiKpurple,purple,low,full,even,0.0,4,2939,538.0,119.0,538.0,119.0,23,475,119,True,True,25,140
XN0GbPB6FoPUiK,XN0GbPB6FoPUiKred,red,low,full,even,0.0,4,2761,585.0,140.0,585.0,140.0,25,514,140,True,True,23,119
XPEC7FMBuuCPir,XPEC7FMBuuCPirpurple,purple,low,self,even,8.0,4,2969,555.0,6.0,555.0,6.0,1,517,6,True,False,0,0
XPEC7FMBuuCPir,XPEC7FMBuuCPirred,red,low,self,even,8.0,4,3184,524.0,0.0,524.0,0.0,0,457,0,False,True,1,6
XckY2QM5ENLITA,XckY2QM5ENLITApurple,purple,high,self,even,4.0,4,675,517.5,6.0,1000.0,12.0,1,529,6,True,False,0,0
XckY2QM5ENLITA,XckY2QM5ENLITAred,red,high,self,even,4.0,4,816,505.0,0.0,980.0,0.0,0,527,0,False,True,1,6
Y5Ee8GJWeqjlXt,Y5Ee8GJWeqjlXtpurple,purple,high,self,even,9.0,4,935,482.0,1.0,949.0,2.0,1,498,1,True,True,2,10
Y5Ee8GJWeqjlXt,Y5Ee8GJWeqjlXtred,red,high,self,even,9.0,4,898,483.0,10.0,956.0,20.0,2,498,10,True,True,1,1
YBWIqz1EycDN60,YBWIqz1EycDN60purple,purple,high,full,even,7.0,4,1092,474.0,9.0,938.0,18.0,1,489,9,True,True,2,15
YBWIqz1EycDN60,YBWIqz1EycDN60red,red,high,full,even,7.0,4,799,512.0,15.0,1009.0,30.0,2,573,15,True,True,1,9
YTLpZxpJ8wFKYn,YTLpZxpJ8wFKYnpurple,purple,high,self,even,3.0,4,807,524.5,17.0,1004.0,34.0,2,492,17,True,True,5,25
YTLpZxpJ8wFKYn,YTLpZxpJ8wFKYnred,red,high,self,even,3.0,4,1075,474.0,23.0,933.0,46.0,5,531,25,True,True,2,17
YWQLeBYIyGGU9K,YWQLeBYIyGGU9Kpurple,purple,low,self,even,2.0,4,3131,528.0,8.0,528.0,8.0,1,477,8,True,True,2,21
YWQLeBYIyGGU9K,YWQLeBYIyGGU9Kred,red,low,self,even,2.0,4,2158,693.0,21.0,693.0,21.0,2,625,21,True,True,1,8
YlscJqG1VAqfiK,YlscJqG1VAqfiKpurple,purple,low,self,even,4.0,4,2514,626.0,7.0,626.0,7.0,1,542,7,True,True,2,5
YlscJqG1VAqfiK,YlscJqG1VAqfiKred,red,low,self,even,4.0,4,3181,524.0,5.0,524.0,5.0,2,473,5,True,True,1,7
YxsTXkl8CaN1X6,YxsTXkl8CaN1X6purple,purple,high,full,uneven,12.0,3,365,549.5,0.0,1089.0,0.0,0,600,0,False,False,0,0
YxsTXkl8CaN1X6,YxsTXkl8CaN1X6red,red,high,full,uneven,12.0,5,1224,462.5,0.0,900.0,0.0,0,448,0,False,False,0,0
Z1MmUYkU8HcnwY,Z1MmUYkU8HcnwYpurple,purple,low,self,uneven,3.0,5,3125,520.0,53.0,520.0,53.0,11,480,53,True,True,6,35
Z1MmUYkU8HcnwY,Z1MmUYkU8HcnwYred,red,low,self,uneven,3.0,3,2548,628.0,35.0,628.0,35.0,6,554,35,True,True,11,53
Z7SpYO22HIBbPM,Z7SpYO22HIBbPMpurple,purple,low,self,uneven,5.0,3,2289,661.0,0.0,661.0,0.0,0,592,0,False,False,0,0
Z7SpYO22HIBbPM,Z7SpYO22HIBbPMred,red,low,self,uneven,5.0,5,2636,625.0,0.0,625.0,0.0,0,577,0,False,False,0,0
ZCt3dSGHyf9oWx,ZCt3dSGHyf9oWxpurple,purple,high,self,uneven,7.0,3,584,549.5,33.0,1034.0,66.0,7,473,33,True,True,16,101
ZCt3dSGHyf9oWx,ZCt3dSGHyf9oWxred,red,high,self,uneven,7.0,5,839,519.5,39.5,1004.0,79.0,16,590,101,True,True,7,33
ZCyWpcTWCd7jgp,ZCyWpcTWCd7jgppurple,purple,low,self,even,8.0,4,3262,499.0,51.0,499.0,51.0,11,469,51,True,True,11,51
ZCyWpcTWCd7jgp,ZCyWpcTWCd7jgpred,red,low,self,even,8.0,4,3372,483.0,51.0,483.0,51.0,11,446,51,True,True,11,51
ZXML2nj8JylBEL,ZXML2nj8JylBELpurple,purple,high,full,even,13.0,4,1006,472.0,81.0,944.0,162.0,11,473,81,True,True,10,49
ZXML2nj8JylBEL,ZXML2nj8JylBELred,red,high,full,even,13.0,4,1228,454.0,49.0,898.0,98.0,10,472,49,True,True,11,81
ZXaM33h4ObwfWo,ZXaM33h4ObwfWopurple,purple,high,self,uneven,9.0,3,709,516.0,53.0,1012.0,106.0,9,621,53,True,True,10,52
ZXaM33h4ObwfWo,ZXaM33h4ObwfWored,red,high,self,uneven,9.0,5,1211,470.0,40.0,900.0,80.0,10,458,52,True,True,9,53
ZYj0ZWjZBPKjxg,ZYj0ZWjZBPKjxgpurple,purple,low,self,uneven,7.0,5,3243,484.0,63.0,484.0,63.0,15,466,63,True,True,9,47
ZYj0ZWjZBPKjxg,ZYj0ZWjZBPKjxgred,red,low,self,uneven,7.0,3,3138,548.0,47.0,548.0,47.0,9,493,47,True,True,15,63
ZhYqU9gVYgKHJl,ZhYqU9gVYgKHJlpurple,purple,low,full,uneven,11.0,3,2148,661.0,13.0,661.0,13.0,3,620,13,True,True,4,26
ZhYqU9gVYgKHJl,ZhYqU9gVYgKHJlred,red,low,full,uneven,11.0,5,3168,521.0,26.0,521.0,26.0,4,460,26,True,True,3,13
Zisun9RYqiYFiK,Zisun9RYqiYFiKpurple,purple,high,full,even,15.0,4,1071,479.0,27.0,943.0,54.0,7,456,27,True,True,9,66
Zisun9RYqiYFiK,Zisun9RYqiYFiKred,red,high,full,even,15.0,4,974,477.0,52.0,954.0,104.0,9,518,66,True,True,7,27
a4t2VPZA11vQid,a4t2VPZA11vQidpurple,purple,high,full,even,11.0,4,823,511.0,0.0,977.0,0.0,0,488,0,False,False,0,0
a4t2VPZA11vQid,a4t2VPZA11vQidred,red,high,full,even,11.0,4,823,496.0,0.0,977.0,0.0,0,499,0,False,False,0,0
aLZ9I3JA6PvPXG,aLZ9I3JA6PvPXGpurple,purple,high,full,uneven,2.0,5,854,520.5,72.0,984.0,144.0,19,488,79,True,True,14,83
aLZ9I3JA6PvPXG,aLZ9I3JA6PvPXGred,red,high,full,uneven,2.0,3,876,531.5,83.0,988.0,166.0,14,528,83,True,True,19,79
aV3wUjPXaxYIFk,aV3wUjPXaxYIFkpurple,purple,low,full,uneven,2.0,3,2354,626.0,114.0,626.0,114.0,23,562,114,True,True,25,94
aV3wUjPXaxYIFk,aV3wUjPXaxYIFkred,red,low,full,uneven,2.0,5,3170,514.0,83.0,514.0,83.0,25,427,94,True,True,23,114
aZNoBH3CKa8Id0,aZNoBH3CKa8Id0purple,purple,low,self,even,11.0,4,3016,525.0,49.0,525.0,49.0,10,480,49,True,True,11,66
aZNoBH3CKa8Id0,aZNoBH3CKa8Id0red,red,low,self,even,11.0,4,3276,497.0,66.0,497.0,66.0,11,460,66,True,True,10,49
b1R4Q8GF2ktTCZ,b1R4Q8GF2ktTCZpurple,purple,low,full,uneven,4.0,5,3386,475.0,122.0,475.0,122.0,29,454,122,True,True,20,92
b1R4Q8GF2ktTCZ,b1R4Q8GF2ktTCZred,red,low,full,uneven,4.0,3,3258,501.0,92.0,501.0,92.0,20,429,92,True,True,29,122
bL56aPv7CiRj88,bL56aPv7CiRj88purple,purple,high,self,uneven,0.0,5,1263,452.0,1.0,889.0,2.0,1,446,1,True,False,0,0
bL56aPv7CiRj88,bL56aPv7CiRj88red,red,high,self,uneven,0.0,3,528,523.0,0.0,1046.0,0.0,0,581,0,False,True,1,1
bSxiPUDOjnyQuF,bSxiPUDOjnyQuFpurple,purple,low,self,even,10.0,4,3111,530.0,0.0,530.0,0.0,0,488,0,False,False,0,0
bSxiPUDOjnyQuF,bSxiPUDOjnyQuFred,red,low,self,even,10.0,4,3086,541.0,0.0,541.0,0.0,0,482,0,False,False,0,0
bT9iNxrIJUbtdr,bT9iNxrIJUbtdrpurple,purple,high,self,even,0.0,4,797,505.0,0.0,985.0,0.0,0,512,0,False,False,0,0
bT9iNxrIJUbtdr,bT9iNxrIJUbtdrred,red,high,self,even,0.0,4,811,507.0,0.0,979.0,0.0,0,492,0,False,False,0,0
bUEUPScS4YLfoK,bUEUPScS4YLfoKpurple,purple,low,self,uneven,9.0,3,2540,611.0,0.0,611.0,0.0,0,590,0,False,False,0,0
bUEUPScS4YLfoK,bUEUPScS4YLfoKred,red,low,self,uneven,9.0,5,3163,517.0,0.0,517.0,0.0,0,456,0,False,False,0,0
bVmYLCYVLxicfd,bVmYLCYVLxicfdpurple,purple,low,self,uneven,0.0,5,3268,500.0,0.0,500.0,0.0,0,446,0,False,False,0,0
bVmYLCYVLxicfd,bVmYLCYVLxicfdred,red,low,self,uneven,0.0,3,2529,637.0,0.0,637.0,0.0,0,584,0,False,False,0,0
bmhBXmNWjwNyti,bmhBXmNWjwNytipurple,purple,high,full,uneven,8.0,3,401,550.5,0.0,1081.0,0.0,0,590,0,False,False,0,0
bmhBXmNWjwNyti,bmhBXmNWjwNytired,red,high,full,uneven,8.0,5,1206,464.0,0.0,903.0,0.0,0,452,0,False,False,0,0
bqngvoeTJeuWeN,bqngvoeTJeuWeNpurple,purple,low,self,even,12.0,4,3182,496.0,29.0,496.0,29.0,3,460,29,True,True,4,28
bqngvoeTJeuWeN,bqngvoeTJeuWeNred,red,low,self,even,12.0,4,2899,558.0,28.0,558.0,28.0,4,519,28,True,True,3,29
cAwC1TGSkrbnoj,cAwC1TGSkrbnojpurple,purple,high,self,even,4.0,4,776,534.0,53.0,998.0,106.0,11,455,53,True,True,23,138
cAwC1TGSkrbnoj,cAwC1TGSkrbnojred,red,high,self,even,4.0,4,346,597.5,138.0,1108.0,276.0,23,695,138,True,True,11,53
cQno7de90Nisv8,cQno7de90Nisv8purple,purple,low,full,even,6.0,4,2983,550.0,49.0,550.0,49.0,7,513,49,True,True,7,52
cQno7de90Nisv8,cQno7de90Nisv8red,red,low,full,even,6.0,4,3281,492.0,52.0,492.0,52.0,7,452,52,True,True,7,49
cSRsRtAbohj0hL,cSRsRtAbohj0hLpurple,purple,high,self,uneven,1.0,3,1127,493.0,41.0,908.0,82.0,11,403,41,True,True,24,116
cSRsRtAbohj0hL,cSRsRtAbohj0hLred,red,high,self,uneven,1.0,5,1063,497.5,109.0,950.0,218.0,24,508,116,True,True,11,41
cZ2Vm2T1IneMta,cZ2Vm2T1IneMtapurple,purple,low,full,even,12.0,4,3209,506.0,50.0,506.0,50.0,10,475,50,True,True,9,42
cZ2Vm2T1IneMta,cZ2Vm2T1IneMtared,red,low,full,even,12.0,4,3220,504.0,42.0,504.0,42.0,9,462,42,True,True,10,50
cea8hSnEkGlya1,cea8hSnEkGlya1purple,purple,low,full,even,0.0,4,3071,552.0,11.0,552.0,11.0,3,493,11,True,True,2,13
cea8hSnEkGlya1,cea8hSnEkGlya1red,red,low,full,even,0.0,4,3083,539.0,13.0,539.0,13.0,2,466,13,True,True,3,11
clx9egCH9BD66t,clx9egCH9BD66tpurple,purple,high,full,even,10.0,4,972,481.5,15.0,943.0,30.0,7,538,42,True,True,1,10
clx9egCH9BD66t,clx9egCH9BD66tred,red,high,full,even,10.0,4,1093,492.0,10.0,928.0,20.0,1,414,10,True,True,7,42
d2YvnIb1SzT5XL,d2YvnIb1SzT5XLpurple,purple,high,self,even,0.0,4,847,493.0,0.0,971.0,0.0,0,500,0,False,False,0,0
d2YvnIb1SzT5XL,d2YvnIb1SzT5XLred,red,high,self,even,0.0,4,827,495.0,0.0,975.0,0.0,0,479,0,False,False,0,0
dHW5OLkb8K4Sqd,dHW5OLkb8K4Sqdpurple,purple,high,self,even,12.0,4,812,505.0,0.0,980.0,0.0,0,501,0,False,False,0,0
dHW5OLkb8K4Sqd,dHW5OLkb8K4Sqdred,red,high,self,even,12.0,4,827,495.0,0.0,975.0,0.0,0,476,0,False,False,0,0
dfrrqJ9CgL6had,dfrrqJ9CgL6hadpurple,purple,high,full,uneven,0.0,5,1232,459.0,2.0,898.0,4.0,2,448,2,True,False,0,0
dfrrqJ9CgL6had,dfrrqJ9CgL6hadred,red,high,full,uneven,0.0,3,309,555.5,0.0,1101.0,0.0,0,599,0,False,True,2,2
dmTiVlq5I8a5zG,dmTiVlq5I8a5zGpurple,purple,low,self,uneven,5.0,5,3103,539.0,6.0,539.0,6.0,1,474,6,True,False,0,0
dmTiVlq5I8a5zG,dmTiVlq5I8a5zGred,red,low,self,uneven,5.0,3,2401,660.0,0.0,660.0,0.0,0,594,0,False,True,1,6
dmejtjxb2oH5lo,dmejtjxb2oH5lopurple,purple,low,full,uneven,13.0,3,3298,494.0,55.0,494.0,55.0,15,419,55,True,True,26,105
dmejtjxb2oH5lo,dmejtjxb2oH5lored,red,low,full,uneven,13.0,5,3580,451.0,105.0,451.0,105.0,26,434,105,True,True,15,55
e5Jo6R4H6phjhc,e5Jo6R4H6phjhcpurple,purple,high,self,uneven,2.0,5,1141,486.0,13.0,927.0,26.0,4,472,21,True,True,4,15
e5Jo6R4H6phjhc,e5Jo6R4H6phjhcred,red,high,self,uneven,2.0,3,434,548.5,15.0,1072.0,30.0,4,612,15,True,True,4,21
eHJwnNWVTuevGV,eHJwnNWVTuevGVpurple,purple,low,full,uneven,13.0,3,2539,615.0,25.0,615.0,25.0,5,578,25,True,True,7,20
eHJwnNWVTuevGV,eHJwnNWVTuevGVred,red,low,full,uneven,13.0,5,3312,502.0,20.0,502.0,20.0,7,432,20,True,True,5,25
eahENvyR1hEzyy,eahENvyR1hEzyypurple,purple,high,self,even,15.0,4,939,490.0,12.0,960.0,24.0,1,504,12,True,True,1,6
eahENvyR1hEzyy,eahENvyR1hEzyyred,red,high,self,even,15.0,4,846,503.5,6.0,987.0,12.0,1,489,6,True,True,1,12
eajm87VGaWLtSZ,eajm87VGaWLtSZpurple,purple,low,full,even,14.0,4,3023,552.0,0.0,552.0,0.0,0,490,0,False,False,0,0
eajm87VGaWLtSZ,eajm87VGaWLtSZred,red,low,full,even,14.0,4,3129,530.0,0.0,530.0,0.0,0,482,0,False,False,0,0
ehbYdmt9iiMOvV,ehbYdmt9iiMOvVpurple,purple,high,self,even,5.0,4,1368,433.0,37.0,866.0,74.0,9,448,37,True,True,10,46
ehbYdmt9iiMOvV,ehbYdmt9iiMOvVred,red,high,self,even,5.0,4,1372,433.0,32.0,866.0,64.0,10,447,46,True,True,9,37
ehhMvavT6IT2p5,ehhMvavT6IT2p5purple,purple,low,self,uneven,11.0,3,3187,516.0,5.0,516.0,5.0,3,449,5,True,True,12,84
ehhMvavT6IT2p5,ehhMvavT6IT2p5red,red,low,self,uneven,11.0,5,3231,511.0,84.0,511.0,84.0,12,484,84,True,True,3,5
eoMZxUK4khXpzf,eoMZxUK4khXpzfpurple,purple,low,self,even,2.0,4,3238,501.0,2.0,501.0,2.0,2,445,2,True,True,2,25
eoMZxUK4khXpzf,eoMZxUK4khXpzfred,red,low,self,even,2.0,4,3100,536.0,25.0,536.0,25.0,2,488,25,True,True,2,2
eySzqtn656jetd,eySzqtn656jetdpurple,purple,high,full,even,1.0,4,1166,453.0,50.0,901.0,100.0,13,458,61,True,True,11,37
eySzqtn656jetd,eySzqtn656jetdred,red,high,full,even,1.0,4,1379,441.5,31.0,863.0,62.0,11,430,37,True,True,13,61
f6Lw9cmXJxY5o9,f6Lw9cmXJxY5o9purple,purple,high,full,even,10.0,4,1201,459.0,0.0,903.0,0.0,0,460,0,False,True,2,18
f6Lw9cmXJxY5o9,f6Lw9cmXJxY5o9red,red,high,full,even,10.0,4,686,515.5,18.0,1021.0,36.0,2,563,18,True,False,0,0
fDAlORuC7CcToO,fDAlORuC7CcToOpurple,purple,high,self,uneven,1.0,5,869,512.0,6.0,989.0,12.0,1,510,6,True,False,0,0
fDAlORuC7CcToO,fDAlORuC7CcToOred,red,high,self,uneven,1.0,3,267,575.0,0.0,1115.0,0.0,0,650,0,False,True,1,6
fTeRNTUSx26CsC,fTeRNTUSx26CsCpurple,purple,high,self,even,15.0,4,787,503.0,0.0,985.0,0.0,0,501,0,False,False,0,0
fTeRNTUSx26CsC,fTeRNTUSx26CsCred,red,high,self,even,15.0,4,819,501.5,0.0,978.0,0.0,0,512,0,False,False,0,0
fUNmskwebiBzHu,fUNmskwebiBzHupurple,purple,low,self,even,0.0,4,3305,491.0,115.0,491.0,115.0,19,462,115,True,True,19,103
fUNmskwebiBzHu,fUNmskwebiBzHured,red,low,self,even,0.0,4,3337,487.0,102.0,487.0,102.0,19,452,103,True,True,19,115
g6Upbjw9ndtUvW,g6Upbjw9ndtUvWpurple,purple,low,full,even,9.0,4,2934,547.0,34.0,547.0,34.0,8,508,34,True,True,9,49
g6Upbjw9ndtUvW,g6Upbjw9ndtUvWred,red,low,full,even,9.0,4,3175,513.0,49.0,513.0,49.0,9,478,49,True,True,8,34
g9RbB9CKARlXqZ,g9RbB9CKARlXqZpurple,purple,low,self,uneven,9.0,3,2629,593.0,9.0,593.0,9.0,2,565,9,True,True,5,28
g9RbB9CKARlXqZ,g9RbB9CKARlXqZred,red,low,self,uneven,9.0,5,3213,513.0,28.0,513.0,28.0,5,470,28,True,True,2,9
gA6I24mQCRlplv,gA6I24mQCRlplvpurple,purple,high,full,uneven,14.0,3,342,552.0,12.0,1094.0,24.0,2,608,12,True,False,0,0
gA6I24mQCRlplv,gA6I24mQCRlplvred,red,high,full,uneven,14.0,5,1148,482.0,0.0,924.0,0.0,0,472,0,False,True,2,12
gLJ5JQY3k3NKso,gLJ5JQY3k3NKsopurple,purple,low,self,uneven,10.0,3,3173,533.0,95.0,533.0,95.0,18,460,95,True,True,25,89
gLJ5JQY3k3NKso,gLJ5JQY3k3NKsored,red,low,self,uneven,10.0,5,3366,487.0,89.0,487.0,89.0,25,440,89,True,True,18,95
gTRM2td1f8g75y,gTRM2td1f8g75ypurple,purple,low,self,uneven,0.0,5,2463,644.0,12.0,644.0,12.0,2,598,12,True,True,1,7
gTRM2td1f8g75y,gTRM2td1f8g75yred,red,low,self,uneven,0.0,3,2451,655.0,7.0,655.0,7.0,1,581,7,True,True,2,12
ge72bi8WT37W4P,ge72bi8WT37W4Ppurple,purple,low,full,even,8.0,4,3185,510.0,104.0,510.0,104.0,21,477,104,True,True,21,85
ge72bi8WT37W4P,ge72bi8WT37W4Pred,red,low,full,even,8.0,4,3545,450.0,85.0,450.0,85.0,21,413,85,True,True,21,104
gsABAaOP8uOiCM,gsABAaOP8uOiCMpurple,purple,high,full,even,7.0,4,1051,505.0,81.0,920.0,162.0,21,499,97,True,True,23,96
gsABAaOP8uOiCM,gsABAaOP8uOiCMred,red,high,full,even,7.0,4,420,586.5,85.0,1093.0,170.0,23,551,96,True,True,21,97
gveKFkS64H1yip,gveKFkS64H1yippurple,purple,high,full,uneven,15.0,3,1200,460.0,57.0,900.0,114.0,13,414,57,True,True,25,117
gveKFkS64H1yip,gveKFkS64H1yipred,red,high,full,uneven,15.0,5,1196,453.0,117.0,901.0,234.0,25,470,117,True,True,13,57
h2rgccCXDFdHoM,h2rgccCXDFdHoMpurple,purple,high,full,uneven,4.0,5,1284,436.5,113.0,863.0,226.0,28,450,114,True,True,18,85
h2rgccCXDFdHoM,h2rgccCXDFdHoMred,red,high,full,uneven,4.0,3,1243,464.0,79.0,888.0,158.0,18,458,85,True,True,28,114
hYVGa4iFoyeVVy,hYVGa4iFoyeVVypurple,purple,high,self,even,12.0,4,786,499.5,0.0,984.0,0.0,0,498,0,False,False,0,0
hYVGa4iFoyeVVy,hYVGa4iFoyeVVyred,red,high,self,even,12.0,4,804,511.0,0.0,982.0,0.0,0,487,0,False,False,0,0
hifL60ShHbrzTZ,hifL60ShHbrzTZpurple,purple,high,full,uneven,2.0,5,1223,459.5,0.0,899.0,0.0,0,485,0,False,False,0,0
hifL60ShHbrzTZ,hifL60ShHbrzTZred,red,high,full,uneven,2.0,3,412,538.0,0.0,1076.0,0.0,0,608,0,False,False,0,0
houjqcWO2aD5Ov,houjqcWO2aD5Ovpurple,purple,high,self,uneven,6.0,5,1188,466.5,0.0,908.0,0.0,0,514,0,False,False,0,0
houjqcWO2aD5Ov,houjqcWO2aD5Ovred,red,high,self,uneven,6.0,3,372,544.5,0.0,1084.0,0.0,0,597,0,False,False,0,0
hqdXjJ50oSQrNk,hqdXjJ50oSQrNkpurple,purple,low,full,uneven,9.0,3,2287,664.0,0.0,664.0,0.0,0,620,0,False,False,0,0
hqdXjJ50oSQrNk,hqdXjJ50oSQrNkred,red,low,full,uneven,9.0,5,3234,504.0,0.0,504.0,0.0,0,453,0,False,False,0,0
hxh8tvpdPjCFh9,hxh8tvpdPjCFh9purple,purple,high,self,even,13.0,4,773,503.0,34.0,991.0,68.0,4,544,34,True,True,1,13
hxh8tvpdPjCFh9,hxh8tvpdPjCFh9red,red,high,self,even,13.0,4,999,489.0,13.0,948.0,26.0,1,461,13,True,True,4,34
iGDgW3dgzRD0xE,iGDgW3dgzRD0xEpurple,purple,low,full,uneven,11.0,3,2390,639.0,79.0,639.0,79.0,17,582,77,True,True,18,71
iGDgW3dgzRD0xE,iGDgW3dgzRD0xEred,red,low,full,uneven,11.0,5,3080,517.0,71.0,517.0,71.0,18,441,71,True,True,17,77
iadzI1R6uWA2BG,iadzI1R6uWA2BGpurple,purple,low,full,even,12.0,4,2881,552.0,2.0,552.0,2.0,2,503,2,True,True,2,2
iadzI1R6uWA2BG,iadzI1R6uWA2BGred,red,low,full,even,12.0,4,3051,543.0,2.0,543.0,2.0,2,476,2,True,True,2,2
ir4TKUaQiNclJp,ir4TKUaQiNclJppurple,purple,high,full,even,3.0,4,1050,470.5,80.0,936.0,160.0,11,506,80,True,True,10,47
ir4TKUaQiNclJp,ir4TKUaQiNclJpred,red,high,full,even,3.0,4,1198,452.5,47.0,900.0,94.0,10,473,47,True,True,11,80
irVcuGFfTVDLh7,irVcuGFfTVDLh7purple,purple,high,full,even,8.0,4,951,495.0,145.0,970.0,290.0,24,474,150,True,True,26,152
irVcuGFfTVDLh7,irVcuGFfTVDLh7red,red,high,full,even,8.0,4,1088,473.0,144.5,936.0,289.0,26,489,152,True,True,24,150
iyujA2z8Zfkxws,iyujA2z8Zfkxwspurple,purple,low,full,even,12.0,4,2966,556.0,10.0,556.0,10.0,1,506,10,True,False,0,0
iyujA2z8Zfkxws,iyujA2z8Zfkxwsred,red,low,full,even,12.0,4,3167,521.0,0.0,521.0,0.0,0,472,0,False,True,1,10
j1CE0wpe15K6oh,j1CE0wpe15K6ohpurple,purple,high,self,even,15.0,4,759,523.5,28.0,1008.0,56.0,6,561,40,True,True,4,24
j1CE0wpe15K6oh,j1CE0wpe15K6ohred,red,high,self,even,15.0,4,982,518.5,24.0,966.0,48.0,4,505,24,True,True,6,40
j81Gvcn1qWMp6p,j81Gvcn1qWMp6ppurple,purple,low,self,even,11.0,4,3350,482.0,106.0,482.0,106.0,24,458,106,True,True,24,110
j81Gvcn1qWMp6p,j81Gvcn1qWMp6pred,red,low,self,even,11.0,4,3464,464.0,110.0,464.0,110.0,24,422,110,True,True,24,106
jbpUv1U7IFVn3V,jbpUv1U7IFVn3Vpurple,purple,high,self,even,2.0,4,1128,459.5,43.0,914.0,86.0,12,539,63,True,True,10,51
jbpUv1U7IFVn3V,jbpUv1U7IFVn3Vred,red,high,self,even,2.0,4,1264,460.0,50.0,895.0,100.0,10,435,51,True,True,12,63
joVZzg508p20O8,joVZzg508p20O8purple,purple,low,self,even,5.0,4,2879,580.0,134.0,580.0,134.0,24,532,134,True,True,23,140
joVZzg508p20O8,joVZzg508p20O8red,red,low,self,even,5.0,4,3059,547.0,140.0,547.0,140.0,23,495,140,True,True,24,134
jw2MrzzGFGh3Ss,jw2MrzzGFGh3Sspurple,purple,high,full,even,6.0,4,1083,486.5,0.0,923.0,0.0,0,429,0,False,True,5,25
jw2MrzzGFGh3Ss,jw2MrzzGFGh3Ssred,red,high,full,even,6.0,4,689,510.0,25.0,1015.0,50.0,5,522,25,True,False,0,0
kGhzawBAgmzC6Y,kGhzawBAgmzC6Ypurple,purple,low,full,uneven,14.0,3,2817,571.0,37.0,571.0,37.0,6,487,37,True,True,15,75
kGhzawBAgmzC6Y,kGhzawBAgmzC6Yred,red,low,full,uneven,14.0,5,3163,523.0,75.0,523.0,75.0,15,492,75,True,True,6,37
kVw1kRt8nsMuqG,kVw1kRt8nsMuqGpurple,purple,high,self,uneven,7.0,5,1220,447.0,66.0,888.0,132.0,19,448,66,True,True,13,78
kVw1kRt8nsMuqG,kVw1kRt8nsMuqGred,red,high,self,uneven,7.0,3,672,518.5,59.0,1030.0,118.0,13,556,78,True,True,19,66
kiV9j24JQApvRH,kiV9j24JQApvRHpurple,purple,low,full,even,5.0,4,3074,544.0,0.0,544.0,0.0,0,478,0,False,False,0,0
kiV9j24JQApvRH,kiV9j24JQApvRHred,red,low,full,even,5.0,4,3152,530.0,0.0,530.0,0.0,0,480,0,False,False,0,0
kvjqlEEjeSSjTG,kvjqlEEjeSSjTGpurple,purple,low,self,even,9.0,4,3418,470.0,43.0,470.0,43.0,10,438,43,True,True,11,62
kvjqlEEjeSSjTG,kvjqlEEjeSSjTGred,red,low,self,even,9.0,4,3321,493.0,62.0,493.0,62.0,11,455,62,True,True,10,43
kyAtOR47CAXO01,kyAtOR47CAXO01purple,purple,low,self,uneven,1.0,5,3173,516.0,80.0,516.0,80.0,14,449,80,True,True,10,52
kyAtOR47CAXO01,kyAtOR47CAXO01red,red,low,self,uneven,1.0,3,2870,570.0,52.0,570.0,52.0,10,503,52,True,True,14,80
l2MvczWOp8FY1x,l2MvczWOp8FY1xpurple,purple,low,self,uneven,0.0,5,2743,546.0,70.0,546.0,70.0,14,550,70,True,True,6,34
l2MvczWOp8FY1x,l2MvczWOp8FY1xred,red,low,self,uneven,0.0,3,2892,578.0,34.0,578.0,34.0,6,503,34,True,True,14,70
l8bDK3aO8wGxbQ,l8bDK3aO8wGxbQpurple,purple,high,full,uneven,11.0,5,1151,506.5,50.0,933.0,100.0,14,428,51,True,True,14,78
l8bDK3aO8wGxbQ,l8bDK3aO8wGxbQred,red,high,full,uneven,11.0,3,605,534.0,66.0,1053.0,132.0,14,615,78,True,True,14,51
lJrsxwVCf7yUiN,lJrsxwVCf7yUiNpurple,purple,low,self,uneven,3.0,5,3010,536.0,0.0,536.0,0.0,0,470,0,False,True,1,1
lJrsxwVCf7yUiN,lJrsxwVCf7yUiNred,red,low,self,uneven,3.0,3,2112,708.0,1.0,708.0,1.0,1,650,1,True,False,0,0
lOwFrEEMnA7n99,lOwFrEEMnA7n99purple,purple,low,self,uneven,13.0,3,2554,586.0,40.0,586.0,40.0,8,553,40,True,True,13,54
lOwFrEEMnA7n99,lOwFrEEMnA7n99red,red,low,self,uneven,13.0,5,3357,498.0,54.0,498.0,54.0,13,457,54,True,True,8,40
lV8Ka6sfBZ2PQr,lV8Ka6sfBZ2PQrpurple,purple,low,self,uneven,14.0,3,2647,609.0,53.0,609.0,53.0,11,569,53,True,True,15,73
lV8Ka6sfBZ2PQr,lV8Ka6sfBZ2PQrred,red,low,self,uneven,14.0,5,3173,527.0,73.0,527.0,73.0,15,480,73,True,True,11,53
lYmChdJMknpHlw,lYmChdJMknpHlwpurple,purple,high,full,even,13.0,4,869,512.0,0.0,979.0,0.0,0,476,0,False,True,1,6
lYmChdJMknpHlw,lYmChdJMknpHlwred,red,high,full,even,13.0,4,688,528.0,6.0,1016.0,12.0,1,542,6,True,False,0,0
lkNrIbKXLPIT0i,lkNrIbKXLPIT0ipurple,purple,high,self,uneven,0.0,5,1239,455.0,9.0,895.0,18.0,1,441,9,True,False,0,0
lkNrIbKXLPIT0i,lkNrIbKXLPIT0ired,red,high,self,uneven,0.0,3,330,556.5,0.0,1098.0,0.0,0,594,0,False,True,1,9
lsFCn1XMbjkQlM,lsFCn1XMbjkQlMpurple,purple,high,self,uneven,3.0,3,454,554.0,23.0,1072.0,46.0,4,589,23,True,True,5,24
lsFCn1XMbjkQlM,lsFCn1XMbjkQlMred,red,high,self,uneven,3.0,5,1170,466.0,24.0,918.0,48.0,5,470,24,True,True,4,23
m3SlY7K65mcVAI,m3SlY7K65mcVAIpurple,purple,high,full,even,11.0,4,759,507.0,12.0,993.0,24.0,1,524,12,True,False,0,0
m3SlY7K65mcVAI,m3SlY7K65mcVAIred,red,high,full,even,11.0,4,783,508.5,0.0,987.0,0.0,0,502,0,False,True,1,12
mB2Zp8vYtp5D8Q,mB2Zp8vYtp5D8Qpurple,purple,low,full,uneven,5.0,5,2698,589.0,7.0,589.0,7.0,1,511,7,True,True,1,7
mB2Zp8vYtp5D8Q,mB2Zp8vYtp5D8Qred,red,low,full,uneven,5.0,3,2454,665.0,7.0,665.0,7.0,1,599,7,True,True,1,7
mJ9fjlcP23idAZ,mJ9fjlcP23idAZpurple,purple,high,full,even,10.0,4,827,502.5,0.0,975.0,0.0,0,513,0,False,False,0,0
mJ9fjlcP23idAZ,mJ9fjlcP23idAZred,red,high,full,even,10.0,4,831,508.5,0.0,975.0,0.0,0,515,0,False,False,0,0
mM1rQ6aOZHXZPY,mM1rQ6aOZHXZPYpurple,purple,low,full,even,2.0,4,2906,570.0,0.0,570.0,0.0,0,506,0,False,False,0,0
mM1rQ6aOZHXZPY,mM1rQ6aOZHXZPYred,red,low,full,even,2.0,4,3038,542.0,0.0,542.0,0.0,0,488,0,False,False,0,0
mY2ThHGLZfMrwC,mY2ThHGLZfMrwCpurple,purple,high,full,even,12.0,4,962,519.0,6.0,966.0,12.0,1,477,6,True,True,6,35
mY2ThHGLZfMrwC,mY2ThHGLZfMrwCred,red,high,full,even,12.0,4,694,548.0,25.0,1038.0,50.0,6,534,35,True,True,1,6
mYPjPb7XPDaLWH,mYPjPb7XPDaLWHpurple,purple,low,full,even,0.0,4,2928,551.0,9.0,551.0,9.0,2,496,9,True,True,4,39
mYPjPb7XPDaLWH,mYPjPb7XPDaLWHred,red,low,full,even,0.0,4,2895,570.0,39.0,570.0,39.0,4,528,39,True,True,2,9
mYSqMHv81XrAoj,mYSqMHv81XrAojpurple,purple,low,self,uneven,9.0,5,3204,514.0,0.0,514.0,0.0,0,448,0,False,False,0,0
mYSqMHv81XrAoj,mYSqMHv81XrAojred,red,low,self,uneven,9.0,3,2402,654.0,0.0,654.0,0.0,0,602,0,False,False,0,0
mYe0prfMFlX1nr,mYe0prfMFlX1nrpurple,purple,low,self,even,15.0,4,3520,440.0,77.0,440.0,77.0,18,418,77,True,True,18,104
mYe0prfMFlX1nr,mYe0prfMFlX1nrred,red,low,self,even,15.0,4,3259,503.0,104.0,503.0,104.0,18,468,104,True,True,18,77
mpcGaIj4HGABbb,mpcGaIj4HGABbbpurple,purple,low,full,uneven,2.0,5,2958,552.0,13.0,552.0,13.0,1,494,13,True,False,0,0
mpcGaIj4HGABbb,mpcGaIj4HGABbbred,red,low,full,uneven,2.0,3,2134,694.0,0.0,694.0,0.0,0,636,0,False,True,1,13
mq25Ud0HilaEHM,mq25Ud0HilaEHMpurple,purple,high,self,even,13.0,4,1266,461.5,45.0,893.0,90.0,9,502,54,True,True,12,77
mq25Ud0HilaEHM,mq25Ud0HilaEHMred,red,high,self,even,13.0,4,820,508.0,54.0,996.0,108.0,12,522,77,True,True,9,54
n2xdNpKXXLb5LE,n2xdNpKXXLb5LEpurple,purple,low,self,even,15.0,4,3185,521.0,0.0,521.0,0.0,0,469,0,False,True,1,10
n2xdNpKXXLb5LE,n2xdNpKXXLb5LEred,red,low,self,even,15.0,4,3100,537.0,10.0,537.0,10.0,1,486,10,True,False,0,0
nAgTrmO6PiN2Ig,nAgTrmO6PiN2Igpurple,purple,high,full,even,12.0,4,1124,451.0,96.0,887.0,192.0,22,458,105,True,True,21,71
nAgTrmO6PiN2Ig,nAgTrmO6PiN2Igred,red,high,full,even,12.0,4,1247,451.5,71.0,883.0,142.0,21,440,71,True,True,22,105
nBkV82AICknxGh,nBkV82AICknxGhpurple,purple,high,self,even,14.0,4,778,512.0,17.0,994.0,34.0,4,571,17,True,False,0,0
nBkV82AICknxGh,nBkV82AICknxGhred,red,high,self,even,14.0,4,576,531.0,0.0,1057.0,0.0,0,703,0,False,True,4,17
nCNU1gIAwXwaNj,nCNU1gIAwXwaNjpurple,purple,high,full,uneven,1.0,5,882,494.0,59.0,988.0,118.0,9,552,77,True,True,4,30
nCNU1gIAwXwaNj,nCNU1gIAwXwaNjred,red,high,full,uneven,1.0,3,354,592.0,17.0,1137.0,34.0,4,583,30,True,True,9,77
nEXaxjOYd2uIz2,nEXaxjOYd2uIz2purple,purple,high,self,uneven,3.0,5,1147,462.5,92.0,910.0,184.0,23,505,107,True,True,9,39
nEXaxjOYd2uIz2,nEXaxjOYd2uIz2red,red,high,self,uneven,3.0,3,1217,478.0,39.0,887.0,78.0,9,376,39,True,True,23,107
nQomfdUS4NkcDW,nQomfdUS4NkcDWpurple,purple,high,self,even,0.0,4,1156,460.5,23.0,906.0,46.0,4,509,23,True,True,4,15
nQomfdUS4NkcDW,nQomfdUS4NkcDWred,red,high,self,even,0.0,4,999,478.0,15.0,946.0,30.0,4,479,15,True,True,4,23
nSG6vfzQRyWkT5,nSG6vfzQRyWkT5purple,purple,high,full,even,0.0,4,792,534.5,9.5,1014.0,19.0,2,551,15,True,True,1,11
nSG6vfzQRyWkT5,nSG6vfzQRyWkT5red,red,high,full,even,0.0,4,1026,495.0,11.0,940.0,22.0,1,503,11,True,True,2,15
nmHvJd8QHSgYaN,nmHvJd8QHSgYaNpurple,purple,low,full,even,12.0,4,3216,506.0,30.0,506.0,30.0,5,452,30,True,True,6,35
nmHvJd8QHSgYaN,nmHvJd8QHSgYaNred,red,low,full,even,12.0,4,2991,539.0,35.0,539.0,35.0,6,508,35,True,True,5,30
nzq97Uem5iQt5i,nzq97Uem5iQt5ipurple,purple,low,self,uneven,10.0,3,2962,561.0,79.0,561.0,79.0,18,483,79,True,True,25,113
nzq97Uem5iQt5i,nzq97Uem5iQt5ired,red,low,self,uneven,10.0,5,3118,524.0,113.0,524.0,113.0,25,472,113,True,True,18,79
o3TlRoAkJBHNVZ,o3TlRoAkJBHNVZpurple,purple,low,full,even,8.0,4,3299,506.0,41.0,506.0,41.0,8,458,41,True,True,8,40
o3TlRoAkJBHNVZ,o3TlRoAkJBHNVZred,red,low,full,even,8.0,4,3336,487.0,40.0,487.0,40.0,8,458,40,True,True,8,41
oAvUXcfVXu9fNU,oAvUXcfVXu9fNUpurple,purple,high,self,uneven,0.0,5,978,499.5,20.0,964.0,40.0,2,499,20,True,True,1,6
oAvUXcfVXu9fNU,oAvUXcfVXu9fNUred,red,high,self,uneven,0.0,3,327,568.5,6.0,1107.0,12.0,1,638,6,True,True,2,20
oGOi0GITrDQ7sp,oGOi0GITrDQ7sppurple,purple,low,self,uneven,9.0,5,3068,511.0,78.0,511.0,78.0,15,502,78,True,True,9,35
oGOi0GITrDQ7sp,oGOi0GITrDQ7spred,red,low,self,uneven,9.0,3,2816,586.0,37.0,586.0,37.0,9,519,35,True,True,15,78
ofrwBLQNLeNuCO,ofrwBLQNLeNuCOpurple,purple,high,full,even,3.0,4,772,502.0,12.0,994.0,24.0,2,550,24,True,False,0,0
ofrwBLQNLeNuCO,ofrwBLQNLeNuCOred,red,high,full,even,3.0,4,1056,475.5,0.0,926.0,0.0,0,510,0,False,True,2,24
onQVTbxWfNm9z8,onQVTbxWfNm9z8purple,purple,low,full,even,13.0,4,2445,635.0,121.0,635.0,121.0,17,600,133,True,True,16,72
onQVTbxWfNm9z8,onQVTbxWfNm9z8red,red,low,full,even,13.0,4,2770,572.0,63.0,572.0,63.0,16,480,72,True,True,17,133
orGrN0W4PmMnXY,orGrN0W4PmMnXYpurple,purple,low,self,even,6.0,4,3018,547.0,0.0,547.0,0.0,0,492,0,False,False,0,0
orGrN0W4PmMnXY,orGrN0W4PmMnXYred,red,low,self,even,6.0,4,3034,543.0,0.0,543.0,0.0,0,498,0,False,False,0,0
ouhiwVy9ZhPkYv,ouhiwVy9ZhPkYvpurple,purple,high,self,uneven,10.0,3,483,550.0,13.0,1070.0,26.0,4,550,39,True,True,9,38
ouhiwVy9ZhPkYv,ouhiwVy9ZhPkYvred,red,high,self,uneven,10.0,5,1158,460.0,38.0,920.0,76.0,9,508,38,True,True,4,39
oxrSBdIPj7nQxL,oxrSBdIPj7nQxLpurple,purple,low,self,uneven,1.0,5,2487,617.0,52.0,617.0,52.0,8,578,52,True,True,4,16
oxrSBdIPj7nQxL,oxrSBdIPj7nQxLred,red,low,self,uneven,1.0,3,2543,639.0,16.0,639.0,16.0,4,544,16,True,True,8,52
p0ycy1TOQ3bixU,p0ycy1TOQ3bixUpurple,purple,low,self,uneven,2.0,5,3116,536.0,19.0,536.0,19.0,3,476,17,True,True,4,38
p0ycy1TOQ3bixU,p0ycy1TOQ3bixUred,red,low,self,uneven,2.0,3,2200,716.0,38.0,716.0,38.0,4,654,38,True,True,3,17
pAXCOtBVeqYqaC,pAXCOtBVeqYqaCpurple,purple,low,self,even,13.0,4,2952,556.0,0.0,556.0,0.0,0,498,0,False,False,0,0
pAXCOtBVeqYqaC,pAXCOtBVeqYqaCred,red,low,self,even,13.0,4,2992,552.0,0.0,552.0,0.0,0,502,0,False,False,0,0
pDgPXGd2o6BWjG,pDgPXGd2o6BWjGpurple,purple,high,full,even,4.0,4,516,561.0,0.0,1062.0,0.0,2,531,10,True,False,0,0
pDgPXGd2o6BWjG,pDgPXGd2o6BWjGred,red,high,full,even,4.0,4,0,600.0,0.0,1200.0,0.0,0,1233,0,False,True,2,10
pE0Aw88UbECQ9z,pE0Aw88UbECQ9zpurple,purple,high,self,even,14.0,4,816,542.0,20.0,1013.0,40.0,7,549,32,True,True,5,32
pE0Aw88UbECQ9z,pE0Aw88UbECQ9zred,red,high,self,even,14.0,4,906,547.0,32.0,983.0,64.0,5,466,32,True,True,7,32
pea5cIpaG1ZtcM,pea5cIpaG1ZtcMpurple,purple,low,full,uneven,11.0,3,2781,572.0,1.0,572.0,1.0,1,487,1,True,True,8,46
pea5cIpaG1ZtcM,pea5cIpaG1ZtcMred,red,low,full,uneven,11.0,5,2977,584.0,48.0,584.0,48.0,8,517,46,True,True,1,1
ppSOuFiRpn2cSd,ppSOuFiRpn2cSdpurple,purple,low,self,even,5.0,4,2923,561.0,1.0,561.0,1.0,1,470,1,True,True,4,20
ppSOuFiRpn2cSd,ppSOuFiRpn2cSdred,red,low,self,even,5.0,4,3190,518.0,20.0,518.0,20.0,4,474,20,True,True,1,1
pqzVgpvBxeWX95,pqzVgpvBxeWX95purple,purple,low,full,uneven,6.0,5,2986,556.0,102.0,556.0,102.0,25,532,102,True,True,18,119
pqzVgpvBxeWX95,pqzVgpvBxeWX95red,red,low,full,uneven,6.0,3,2706,607.0,119.0,607.0,119.0,18,530,119,True,True,25,102
pvR1wKqG0UHssq,pvR1wKqG0UHssqpurple,purple,low,full,uneven,1.0,5,3101,527.0,0.0,527.0,0.0,0,468,0,False,False,0,0
pvR1wKqG0UHssq,pvR1wKqG0UHssqred,red,low,full,uneven,1.0,3,2532,636.0,0.0,636.0,0.0,0,582,0,False,False,0,0
pyDbTJHCtGh8uC,pyDbTJHCtGh8uCpurple,purple,high,self,uneven,4.0,5,1296,438.0,92.0,876.0,184.0,26,507,118,True,True,15,58
pyDbTJHCtGh8uC,pyDbTJHCtGh8uCred,red,high,self,uneven,4.0,3,1025,482.0,58.0,944.0,116.0,15,441,58,True,True,26,118
pyKUaJdU3ZCju1,pyKUaJdU3ZCju1purple,purple,low,self,even,8.0,4,2600,638.0,18.0,638.0,18.0,2,563,18,True,True,3,27
pyKUaJdU3ZCju1,pyKUaJdU3ZCju1red,red,low,self,even,8.0,4,2968,579.0,27.0,579.0,27.0,3,515,27,True,True,2,18
q0pOdv5cgccRxJ,q0pOdv5cgccRxJpurple,purple,low,full,even,11.0,4,3076,549.0,35.0,549.0,35.0,6,494,35,True,True,6,42
q0pOdv5cgccRxJ,q0pOdv5cgccRxJred,red,low,full,even,11.0,4,3041,538.0,42.0,538.0,42.0,6,501,42,True,True,6,35
q2nEYNMGIouP5r,q2nEYNMGIouP5rpurple,purple,high,self,uneven,1.0,5,892,490.0,80.5,970.0,161.0,22,553,94,True,True,7,32
q2nEYNMGIouP5r,q2nEYNMGIouP5rred,red,high,self,uneven,1.0,3,1300,481.0,19.0,874.0,38.0,7,389,32,True,True,22,94
q5g3GVcSYIYu5U,q5g3GVcSYIYu5Upurple,purple,high,full,uneven,9.0,3,360,549.0,0.0,1088.0,0.0,0,614,0,False,False,0,0
q5g3GVcSYIYu5U,q5g3GVcSYIYu5Ured,red,high,full,uneven,9.0,5,1102,485.5,0.0,926.0,0.0,0,486,0,False,False,0,0
qD1pHXj549qdDJ,qD1pHXj549qdDJpurple,purple,low,full,even,12.0,4,3484,465.0,44.0,465.0,44.0,10,425,44,True,True,11,52
qD1pHXj549qdDJ,qD1pHXj549qdDJred,red,low,full,even,12.0,4,3238,511.0,52.0,511.0,52.0,11,457,52,True,True,10,44
qR0OZtlpBD00E3,qR0OZtlpBD00E3purple,purple,low,self,even,9.0,4,2732,592.0,0.0,592.0,0.0,0,536,0,False,False,0,0
qR0OZtlpBD00E3,qR0OZtlpBD00E3red,red,low,self,even,9.0,4,2786,580.0,0.0,580.0,0.0,0,524,0,False,False,0,0
qVtPGcYV5NIaKf,qVtPGcYV5NIaKfpurple,purple,high,full,even,8.0,4,974,487.0,141.0,969.0,282.0,22,524,142,True,True,23,143
qVtPGcYV5NIaKf,qVtPGcYV5NIaKfred,red,high,full,even,8.0,4,866,502.5,122.0,990.0,244.0,23,541,143,True,True,22,142
qVyVTWrfztcGar,qVyVTWrfztcGarpurple,purple,low,full,even,2.0,4,2911,564.0,22.0,564.0,22.0,2,522,22,True,False,0,0
qVyVTWrfztcGar,qVyVTWrfztcGarred,red,low,full,even,2.0,4,3171,520.0,0.0,520.0,0.0,0,458,0,False,True,2,22
qiIV46Hcubx7xG,qiIV46Hcubx7xGpurple,purple,high,full,even,2.0,4,1229,468.0,52.0,901.0,104.0,11,481,52,True,True,10,70
qiIV46Hcubx7xG,qiIV46Hcubx7xGred,red,high,full,even,2.0,4,892,493.0,70.0,971.0,140.0,10,532,70,True,True,11,52
r1qjmWOCCencgM,r1qjmWOCCencgMpurple,purple,low,self,even,1.0,4,3058,542.0,1.0,542.0,1.0,1,482,1,True,True,1,1
r1qjmWOCCencgM,r1qjmWOCCencgMred,red,low,self,even,1.0,4,3143,524.0,1.0,524.0,1.0,1,472,1,True,True,1,1
r2kR0qQjC9HaEY,r2kR0qQjC9HaEYpurple,purple,high,full,uneven,6.0,5,1300,453.5,29.0,882.0,58.0,11,466,34,True,True,4,23
r2kR0qQjC9HaEY,r2kR0qQjC9HaEYred,red,high,full,uneven,6.0,3,719,520.0,12.0,1010.0,24.0,4,532,23,True,True,11,34
r4JuAS09h5xvjV,r4JuAS09h5xvjVpurple,purple,low,full,even,11.0,4,2744,609.0,35.0,609.0,35.0,5,468,35,True,True,6,56
r4JuAS09h5xvjV,r4JuAS09h5xvjVred,red,low,full,even,11.0,4,2611,618.0,43.0,618.0,43.0,6,527,56,True,True,5,35
rAKY1xCChRHk9m,rAKY1xCChRHk9mpurple,purple,low,self,even,0.0,4,3371,481.0,115.0,481.0,115.0,20,447,116,True,True,20,82
rAKY1xCChRHk9m,rAKY1xCChRHk9mred,red,low,self,even,0.0,4,3461,465.0,82.0,465.0,82.0,20,422,82,True,True,20,116
rBgdvsFqpyEZPO,rBgdvsFqpyEZPOpurple,purple,low,full,even,15.0,4,2629,615.0,111.0,615.0,111.0,19,521,109,True,True,16,95
rBgdvsFqpyEZPO,rBgdvsFqpyEZPOred,red,low,full,even,15.0,4,3093,568.0,95.0,568.0,95.0,16,439,95,True,True,19,109
rDb40M6BMO5XCV,rDb40M6BMO5XCVpurple,purple,high,self,even,15.0,4,788,506.0,0.0,987.0,0.0,0,490,0,False,False,0,0
rDb40M6BMO5XCV,rDb40M6BMO5XCVred,red,high,self,even,15.0,4,796,509.5,0.0,984.0,0.0,0,492,0,False,False,0,0
rSpQvN7kie1Dog,rSpQvN7kie1Dogpurple,purple,high,self,uneven,10.0,3,549,527.0,0.0,1044.0,0.0,0,547,0,False,True,1,1
rSpQvN7kie1Dog,rSpQvN7kie1Dogred,red,high,self,uneven,10.0,5,1278,447.0,1.0,884.0,2.0,1,454,1,True,False,0,0
rT6JXOibGDFePd,rT6JXOibGDFePdpurple,purple,high,self,even,5.0,4,1119,466.0,57.0,927.0,114.0,9,475,57,True,True,7,50
rT6JXOibGDFePd,rT6JXOibGDFePdred,red,high,self,even,5.0,4,1020,506.0,26.0,961.0,52.0,7,521,50,True,True,9,57
rfDaU15KPmQAWa,rfDaU15KPmQAWapurple,purple,high,full,even,7.0,4,888,503.5,41.0,972.0,82.0,7,513,41,True,True,7,27
rfDaU15KPmQAWa,rfDaU15KPmQAWared,red,high,full,even,7.0,4,1222,464.5,26.0,909.0,52.0,7,459,27,True,True,7,41
rfy8O7jpwX6MUx,rfy8O7jpwX6MUxpurple,purple,low,self,uneven,14.0,3,2627,614.0,8.0,614.0,8.0,1,554,8,True,True,6,27
rfy8O7jpwX6MUx,rfy8O7jpwX6MUxred,red,low,self,uneven,14.0,5,3338,490.0,27.0,490.0,27.0,6,450,27,True,True,1,8
rh6PzaUldpAADM,rh6PzaUldpAADMpurple,purple,low,self,even,8.0,4,3013,550.0,35.0,550.0,35.0,4,518,35,True,True,2,7
rh6PzaUldpAADM,rh6PzaUldpAADMred,red,low,self,even,8.0,4,3273,504.0,7.0,504.0,7.0,2,445,7,True,True,4,35
rkc6hRyVkFgFu2,rkc6hRyVkFgFu2purple,purple,high,self,uneven,3.0,3,876,512.5,131.5,985.0,263.0,30,504,144,True,True,37,119
rkc6hRyVkFgFu2,rkc6hRyVkFgFu2red,red,high,self,uneven,3.0,5,1238,445.0,119.0,885.0,238.0,37,450,119,True,True,30,144
ruLinVapIyFBrU,ruLinVapIyFBrUpurple,purple,low,self,even,9.0,4,3028,524.0,30.0,524.0,30.0,8,494,30,True,True,7,53
ruLinVapIyFBrU,ruLinVapIyFBrUred,red,low,self,even,9.0,4,2914,543.0,53.0,543.0,53.0,7,509,53,True,True,8,30
rvwiE1fqBe9AM9,rvwiE1fqBe9AM9purple,purple,high,full,uneven,5.0,5,1161,466.0,2.0,907.0,4.0,2,454,2,True,False,0,0
rvwiE1fqBe9AM9,rvwiE1fqBe9AM9red,red,high,full,uneven,5.0,3,500,540.0,0.0,1055.0,0.0,0,542,0,False,True,2,2
ryO9MvOSq3ZQUt,ryO9MvOSq3ZQUtpurple,purple,low,full,uneven,3.0,3,2697,608.0,20.0,608.0,20.0,3,546,20,True,True,7,36
ryO9MvOSq3ZQUt,ryO9MvOSq3ZQUtred,red,low,full,uneven,3.0,5,3042,552.0,36.0,552.0,36.0,7,469,36,True,True,3,20
s1AGWI2BmMFuFj,s1AGWI2BmMFuFjpurple,purple,high,full,even,11.0,4,720,516.5,7.0,1009.0,14.0,2,508,7,True,True,1,14
s1AGWI2BmMFuFj,s1AGWI2BmMFuFjred,red,high,full,even,11.0,4,925,490.5,14.0,961.0,28.0,1,474,14,True,True,2,7
s1l3iQC1AEnUJ5,s1l3iQC1AEnUJ5purple,purple,low,self,even,8.0,4,3148,532.0,12.0,532.0,12.0,1,480,12,True,False,0,0
s1l3iQC1AEnUJ5,s1l3iQC1AEnUJ5red,red,low,self,even,8.0,4,3240,511.0,0.0,511.0,0.0,0,461,0,False,True,1,12
sHlPosOc3ofSEM,sHlPosOc3ofSEMpurple,purple,high,full,uneven,12.0,3,791,499.0,26.0,983.0,52.0,7,504,26,True,True,11,35
sHlPosOc3ofSEM,sHlPosOc3ofSEMred,red,high,full,uneven,12.0,5,1247,459.0,35.0,893.0,70.0,11,438,35,True,True,7,26
sQEPerAS4yJ951,sQEPerAS4yJ951purple,purple,low,full,even,8.0,4,2954,561.0,0.0,561.0,0.0,0,496,0,False,False,0,0
sQEPerAS4yJ951,sQEPerAS4yJ951red,red,low,full,even,8.0,4,3209,518.0,0.0,518.0,0.0,0,458,0,False,False,0,0
sSDj42w2GOzQgp,sSDj42w2GOzQgppurple,purple,high,full,uneven,10.0,3,624,562.5,7.0,1030.0,14.0,1,533,7,True,True,7,34
sSDj42w2GOzQgp,sSDj42w2GOzQgpred,red,high,full,uneven,10.0,5,884,532.0,32.0,1003.0,64.0,7,494,34,True,True,1,7
sUySWjJjb9YD4I,sUySWjJjb9YD4Ipurple,purple,high,full,even,15.0,4,1004,495.0,39.0,960.0,78.0,11,517,48,True,True,5,31
sUySWjJjb9YD4I,sUySWjJjb9YD4Ired,red,high,full,even,15.0,4,1248,469.5,21.0,898.0,42.0,5,491,31,True,True,11,48
saQjVVcdrtHlWc,saQjVVcdrtHlWcpurple,purple,high,full,even,10.0,4,964,482.5,87.0,950.0,174.0,19,461,87,True,True,19,103
saQjVVcdrtHlWc,saQjVVcdrtHlWcred,red,high,full,even,10.0,4,1056,479.0,97.5,931.0,195.0,19,494,103,True,True,19,87
sdNusyrc7WKwEn,sdNusyrc7WKwEnpurple,purple,low,self,uneven,14.0,3,2663,602.0,37.0,602.0,37.0,6,517,37,True,True,16,114
sdNusyrc7WKwEn,sdNusyrc7WKwEnred,red,low,self,uneven,14.0,5,2679,603.0,114.0,603.0,114.0,16,550,114,True,True,6,37
smzTCpjQjzO75w,smzTCpjQjzO75wpurple,purple,high,self,even,13.0,4,1352,435.0,47.0,870.0,94.0,10,488,47,True,True,11,45
smzTCpjQjzO75w,smzTCpjQjzO75wred,red,high,self,even,13.0,4,1328,446.0,43.0,882.0,86.0,11,472,45,True,True,10,47
t6L8f69NEHDL7V,t6L8f69NEHDL7Vpurple,purple,low,self,uneven,8.0,3,2900,561.0,0.0,561.0,0.0,0,472,0,False,True,11,61
t6L8f69NEHDL7V,t6L8f69NEHDL7Vred,red,low,self,uneven,8.0,5,2877,573.0,61.0,573.0,61.0,11,533,61,True,False,0,0
tPOTp95eOzplmR,tPOTp95eOzplmRpurple,purple,low,full,even,6.0,4,2909,564.0,0.0,564.0,0.0,0,502,0,False,False,0,0
tPOTp95eOzplmR,tPOTp95eOzplmRred,red,low,full,even,6.0,4,2979,562.0,0.0,562.0,0.0,0,490,0,False,False,0,0
tQtlXcPITugmWr,tQtlXcPITugmWrpurple,purple,high,self,even,9.0,4,1332,437.0,56.0,874.0,112.0,15,435,57,True,True,15,71
tQtlXcPITugmWr,tQtlXcPITugmWrred,red,high,self,even,9.0,4,1248,445.0,71.0,890.0,142.0,15,444,71,True,True,15,57
tTzWVUafBlblR7,tTzWVUafBlblR7purple,purple,low,full,even,0.0,4,3239,508.0,22.0,508.0,22.0,2,481,22,True,True,1,11
tTzWVUafBlblR7,tTzWVUafBlblR7red,red,low,full,even,0.0,4,3143,524.0,11.0,524.0,11.0,1,470,11,True,True,2,22
taclqy4j1clbux,taclqy4j1clbuxpurple,purple,low,full,uneven,5.0,5,2895,551.0,45.0,551.0,45.0,11,498,45,True,True,8,51
taclqy4j1clbux,taclqy4j1clbuxred,red,low,full,uneven,5.0,3,2568,638.0,51.0,638.0,51.0,8,551,51,True,True,11,45
tgXnJilmKnniRs,tgXnJilmKnniRspurple,purple,low,full,uneven,0.0,5,3151,523.0,0.0,523.0,0.0,0,444,0,False,False,0,0
tgXnJilmKnniRs,tgXnJilmKnniRsred,red,low,full,uneven,0.0,3,2480,644.0,0.0,644.0,0.0,0,584,0,False,False,0,0
tifOihlQXXepB0,tifOihlQXXepB0purple,purple,high,self,uneven,8.0,3,991,502.0,38.0,950.0,76.0,11,426,50,True,True,25,99
tifOihlQXXepB0,tifOihlQXXepB0red,red,high,self,uneven,8.0,5,1200,453.0,97.0,906.0,194.0,25,493,99,True,True,11,50
tjLeadeIXDhNcj,tjLeadeIXDhNcjpurple,purple,high,full,uneven,7.0,5,1159,469.0,0.0,913.0,0.0,0,466,0,False,False,0,0
tjLeadeIXDhNcj,tjLeadeIXDhNcjred,red,high,full,uneven,7.0,3,302,576.0,0.0,1107.0,0.0,0,606,0,False,False,0,0
tk9UcqRWbZZjmb,tk9UcqRWbZZjmbpurple,purple,low,full,even,6.0,4,3288,508.0,70.0,508.0,70.0,15,464,68,True,True,13,72
tk9UcqRWbZZjmb,tk9UcqRWbZZjmbred,red,low,full,even,6.0,4,2989,564.0,72.0,564.0,72.0,13,491,72,True,True,15,68
tmdsDcY2zwomgI,tmdsDcY2zwomgIpurple,purple,low,full,uneven,8.0,3,2741,603.0,30.0,603.0,30.0,4,552,30,True,True,8,26
tmdsDcY2zwomgI,tmdsDcY2zwomgIred,red,low,full,uneven,8.0,5,3100,535.0,26.0,535.0,26.0,8,485,26,True,True,4,30
uHoTS2ROOLIs5h,uHoTS2ROOLIs5hpurple,purple,high,full,even,3.0,4,1049,478.0,13.0,941.0,26.0,7,466,13,True,True,5,40
uHoTS2ROOLIs5h,uHoTS2ROOLIs5hred,red,high,full,even,3.0,4,627,535.5,28.0,1031.0,56.0,5,536,40,True,True,7,13
uJKusy6bZo6nxr,uJKusy6bZo6nxrpurple,purple,low,full,uneven,5.0,5,1951,726.0,187.0,726.0,187.0,23,711,187,True,True,15,95
uJKusy6bZo6nxr,uJKusy6bZo6nxrred,red,low,full,uneven,5.0,3,2521,636.0,95.0,636.0,95.0,15,540,95,True,True,23,187
uaeO7LcVVuS0Z1,uaeO7LcVVuS0Z1purple,purple,low,full,even,11.0,4,3435,464.0,93.0,464.0,93.0,22,434,93,True,True,23,106
uaeO7LcVVuS0Z1,uaeO7LcVVuS0Z1red,red,low,full,even,11.0,4,3425,472.0,106.0,472.0,106.0,23,432,106,True,True,22,93
ucChqUN1ymnylP,ucChqUN1ymnylPpurple,purple,low,full,even,13.0,4,3020,535.0,0.0,535.0,0.0,0,492,0,False,False,0,0
ucChqUN1ymnylP,ucChqUN1ymnylPred,red,low,full,even,13.0,4,3004,556.0,0.0,556.0,0.0,0,493,0,False,False,0,0
uccX8B5f0br2b8,uccX8B5f0br2b8purple,purple,high,self,uneven,12.0,5,1036,490.0,40.0,933.0,80.0,22,595,121,True,True,9,69
uccX8B5f0br2b8,uccX8B5f0br2b8red,red,high,self,uneven,12.0,3,789,551.0,69.0,999.0,138.0,9,447,69,True,True,22,121
upoCxWMKNpMgbu,upoCxWMKNpMgbupurple,purple,low,full,uneven,14.0,3,3377,474.0,18.0,474.0,18.0,4,414,18,True,True,16,68
upoCxWMKNpMgbu,upoCxWMKNpMgbured,red,low,full,uneven,14.0,5,3316,498.0,68.0,498.0,68.0,16,484,68,True,True,4,18
upttvg6ik5LipZ,upttvg6ik5LipZpurple,purple,high,self,even,15.0,4,752,513.5,26.0,1012.0,52.0,3,519,26,True,True,2,11
upttvg6ik5LipZ,upttvg6ik5LipZred,red,high,self,even,15.0,4,1063,481.5,11.0,943.0,22.0,2,513,11,True,True,3,26
utdwJjYg9S6Dx6,utdwJjYg9S6Dx6purple,purple,high,self,uneven,7.0,5,1016,494.0,96.0,930.0,192.0,22,477,115,True,True,22,101
utdwJjYg9S6Dx6,utdwJjYg9S6Dx6red,red,high,self,uneven,7.0,3,502,550.5,103.0,1084.0,206.0,22,596,101,True,True,22,115
uxvgRgnJ8BWntF,uxvgRgnJ8BWntFpurple,purple,low,self,even,7.0,4,3307,497.0,117.0,497.0,117.0,22,455,117,True,True,21,101
uxvgRgnJ8BWntF,uxvgRgnJ8BWntFred,red,low,self,even,7.0,4,3512,464.0,101.0,464.0,101.0,21,422,101,True,True,22,117
uyqSL1z3jMSVFD,uyqSL1z3jMSVFDpurple,purple,high,full,even,5.0,4,1446,453.0,69.5,856.0,139.0,14,456,75,True,True,15,95
uyqSL1z3jMSVFD,uyqSL1z3jMSVFDred,red,high,full,even,5.0,4,1134,481.0,93.0,922.0,186.0,15,478,95,True,True,14,75
v5OJSphEm99Qwp,v5OJSphEm99Qwppurple,purple,low,self,even,5.0,4,3081,542.0,0.0,542.0,0.0,0,476,0,False,True,1,9
v5OJSphEm99Qwp,v5OJSphEm99Qwpred,red,low,self,even,5.0,4,3002,555.0,9.0,555.0,9.0,1,513,9,True,False,0,0
vA7UGvybSQysyD,vA7UGvybSQysyDpurple,purple,high,self,uneven,3.0,5,1140,473.0,60.0,926.0,120.0,16,491,80,True,True,11,73
vA7UGvybSQysyD,vA7UGvybSQysyDred,red,high,self,uneven,3.0,3,863,509.0,73.0,968.0,146.0,11,535,73,True,True,16,80
vCkogSq5b7No2T,vCkogSq5b7No2Tpurple,purple,high,full,uneven,12.0,3,838,506.0,18.0,992.0,36.0,2,546,18,True,True,9,59
vCkogSq5b7No2T,vCkogSq5b7No2Tred,red,high,full,uneven,12.0,5,1192,466.0,52.0,910.0,104.0,9,490,59,True,True,2,18
vHU7il4KtMWABV,vHU7il4KtMWABVpurple,purple,high,full,uneven,12.0,3,366,555.5,0.0,1091.0,0.0,0,612,0,False,True,1,1
vHU7il4KtMWABV,vHU7il4KtMWABVred,red,high,full,uneven,12.0,5,1218,457.0,1.0,899.0,2.0,1,436,1,True,False,0,0
vKUyXkeEF3b2fD,vKUyXkeEF3b2fDpurple,purple,low,full,uneven,6.0,5,3162,481.0,61.0,481.0,61.0,13,488,61,True,True,9,47
vKUyXkeEF3b2fD,vKUyXkeEF3b2fDred,red,low,full,uneven,6.0,3,2803,608.0,47.0,608.0,47.0,9,548,47,True,True,13,61
vNWAxTycdY5RKG,vNWAxTycdY5RKGpurple,purple,high,full,even,14.0,4,871,492.5,0.0,965.0,0.0,0,466,0,False,False,0,0
vNWAxTycdY5RKG,vNWAxTycdY5RKGred,red,high,full,even,14.0,4,803,508.0,0.0,981.0,0.0,0,525,0,False,False,0,0
vVKVGZeK8EuqGx,vVKVGZeK8EuqGxpurple,purple,low,full,even,14.0,4,3035,537.0,2.0,537.0,2.0,2,460,2,True,True,2,15
vVKVGZeK8EuqGx,vVKVGZeK8EuqGxred,red,low,full,even,14.0,4,2847,596.0,15.0,596.0,15.0,2,505,15,True,True,2,2
vpsp4L77u6fJdo,vpsp4L77u6fJdopurple,purple,high,self,even,9.0,4,1262,484.0,27.0,894.0,54.0,5,388,27,True,True,12,80
vpsp4L77u6fJdo,vpsp4L77u6fJdored,red,high,self,even,9.0,4,952,485.5,48.0,961.0,96.0,12,538,80,True,True,5,27
vqrBAUHbGaXO53,vqrBAUHbGaXO53purple,purple,low,full,uneven,10.0,5,3218,512.0,0.0,512.0,0.0,0,448,0,False,False,0,0
vqrBAUHbGaXO53,vqrBAUHbGaXO53red,red,low,full,uneven,10.0,3,2570,630.0,0.0,630.0,0.0,0,576,0,False,False,0,0
vtHWGpc72DWM7U,vtHWGpc72DWM7Upurple,purple,low,self,uneven,8.0,3,2513,603.0,16.0,603.0,16.0,3,579,16,True,True,5,30
vtHWGpc72DWM7U,vtHWGpc72DWM7Ured,red,low,self,uneven,8.0,5,3058,539.0,30.0,539.0,30.0,5,491,30,True,True,3,16
vxEsTrKUTqQqos,vxEsTrKUTqQqospurple,purple,low,full,uneven,5.0,5,3316,498.0,0.0,498.0,0.0,0,434,0,False,False,0,0
vxEsTrKUTqQqos,vxEsTrKUTqQqosred,red,low,full,uneven,5.0,3,2375,665.0,0.0,665.0,0.0,0,609,0,False,False,0,0
w2ixw51E2kOOXp,w2ixw51E2kOOXppurple,purple,low,self,even,6.0,4,3207,516.0,11.0,516.0,11.0,2,461,11,True,True,3,13
w2ixw51E2kOOXp,w2ixw51E2kOOXpred,red,low,self,even,6.0,4,3281,496.0,13.0,496.0,13.0,3,463,13,True,True,2,11
w3KYmUFUbws8ib,w3KYmUFUbws8ibpurple,purple,high,self,even,1.0,4,772,510.5,58.0,1006.0,116.0,12,612,71,True,True,4,28
w3KYmUFUbws8ib,w3KYmUFUbws8ibred,red,high,self,even,1.0,4,971,533.0,28.0,970.0,56.0,4,417,28,True,True,12,71
wICtidB7fjEuEu,wICtidB7fjEuEupurple,purple,high,self,even,0.0,4,1058,488.5,106.0,947.0,212.0,22,508,130,True,True,23,115
wICtidB7fjEuEu,wICtidB7fjEuEured,red,high,self,even,0.0,4,1104,473.5,95.5,922.0,191.0,23,502,115,True,True,22,130
wIZhL16JvntpuX,wIZhL16JvntpuXpurple,purple,high,full,even,15.0,4,794,537.5,23.5,1010.0,47.0,5,539,30,True,True,1,8
wIZhL16JvntpuX,wIZhL16JvntpuXred,red,high,full,even,15.0,4,1019,520.5,8.0,956.0,16.0,1,440,8,True,True,5,30
wf5vpjzpWcOZVE,wf5vpjzpWcOZVEpurple,purple,low,full,uneven,9.0,3,2067,703.0,0.0,703.0,0.0,0,628,0,False,False,0,0
wf5vpjzpWcOZVE,wf5vpjzpWcOZVEred,red,low,full,uneven,9.0,5,2744,574.0,0.0,574.0,0.0,0,467,0,False,False,0,0
woxKliqKtIfd83,woxKliqKtIfd83purple,purple,low,self,uneven,12.0,5,2728,558.0,47.0,558.0,47.0,13,551,60,True,True,7,38
woxKliqKtIfd83,woxKliqKtIfd83red,red,low,self,uneven,12.0,3,2488,658.0,38.0,658.0,38.0,7,570,38,True,True,13,60
wpOAdIHJFpYb3t,wpOAdIHJFpYb3tpurple,purple,low,full,even,15.0,4,2387,633.0,107.0,633.0,107.0,17,562,107,True,True,12,88
wpOAdIHJFpYb3t,wpOAdIHJFpYb3tred,red,low,full,even,15.0,4,2339,654.0,72.0,654.0,72.0,12,531,88,True,True,17,107
wsb7znJ8Quf08G,wsb7znJ8Quf08Gpurple,purple,high,self,uneven,8.0,3,824,506.0,11.0,987.0,22.0,4,489,11,True,True,11,45
wsb7znJ8Quf08G,wsb7znJ8Quf08Gred,red,high,self,uneven,8.0,5,1025,491.0,36.5,967.0,73.0,11,502,45,True,True,4,11
wz62ca4FtipVoE,wz62ca4FtipVoEpurple,purple,low,full,uneven,9.0,3,1877,757.0,0.0,757.0,0.0,0,656,0,False,True,6,44
wz62ca4FtipVoE,wz62ca4FtipVoEred,red,low,full,uneven,9.0,5,2660,603.0,25.0,603.0,25.0,6,564,44,True,False,0,0
x2HPhDBJve42yD,x2HPhDBJve42yDpurple,purple,high,full,even,2.0,4,810,487.5,18.0,960.0,36.0,4,499,18,True,True,3,15
x2HPhDBJve42yD,x2HPhDBJve42yDred,red,high,full,even,2.0,4,999,479.0,7.0,943.0,14.0,3,500,15,True,True,4,18
x3V05lvKjT0dBU,x3V05lvKjT0dBUpurple,purple,high,self,even,4.0,4,1142,462.0,9.0,914.0,18.0,1,472,9,True,True,1,10
x3V05lvKjT0dBU,x3V05lvKjT0dBUred,red,high,self,even,4.0,4,952,491.5,10.0,958.0,20.0,1,492,10,True,True,1,9
xGio19veqpXLXC,xGio19veqpXLXCpurple,purple,high,self,uneven,14.0,5,1254,450.0,0.0,890.0,0.0,0,466,0,False,False,0,0
xGio19veqpXLXC,xGio19veqpXLXCred,red,high,self,uneven,14.0,3,432,536.0,0.0,1072.0,0.0,0,614,0,False,False,0,0
xiDn9bfGiXWDVe,xiDn9bfGiXWDVepurple,purple,low,self,even,5.0,4,3104,543.0,18.0,543.0,18.0,2,493,18,True,False,0,0
xiDn9bfGiXWDVe,xiDn9bfGiXWDVered,red,low,self,even,5.0,4,3187,522.0,0.0,522.0,0.0,0,457,0,False,True,2,18
xnwLLRIfDeY55A,xnwLLRIfDeY55Apurple,purple,high,self,uneven,12.0,3,952,512.0,0.0,950.0,0.0,2,514,14,True,True,9,47
xnwLLRIfDeY55A,xnwLLRIfDeY55Ared,red,high,self,uneven,12.0,5,894,518.5,46.5,994.0,93.0,9,545,47,True,True,2,14
xoeqSDpQqXmeI7,xoeqSDpQqXmeI7purple,purple,high,self,even,5.0,4,1028,477.5,0.0,935.0,0.0,3,486,12,True,True,1,13
xoeqSDpQqXmeI7,xoeqSDpQqXmeI7red,red,high,self,even,5.0,4,794,525.0,13.0,990.0,26.0,1,503,13,True,True,3,12
xpwasKCgvCyvFR,xpwasKCgvCyvFRpurple,purple,high,full,even,11.0,4,1255,458.0,86.0,881.0,172.0,20,453,86,True,True,20,95
xpwasKCgvCyvFR,xpwasKCgvCyvFRred,red,high,full,even,11.0,4,856,508.0,96.0,986.0,192.0,20,471,95,True,True,20,86
xwJARLAabTZKjr,xwJARLAabTZKjrpurple,purple,low,self,even,14.0,4,2829,587.0,1.0,587.0,1.0,1,526,1,True,False,0,0
xwJARLAabTZKjr,xwJARLAabTZKjrred,red,low,self,even,14.0,4,3000,553.0,0.0,553.0,0.0,0,492,0,False,True,1,1
xyB4sEvHF0TDqX,xyB4sEvHF0TDqXpurple,purple,high,self,uneven,8.0,3,370,552.5,7.0,1090.0,14.0,2,602,21,True,True,3,3
xyB4sEvHF0TDqX,xyB4sEvHF0TDqXred,red,high,self,uneven,8.0,5,1250,473.0,3.0,891.0,6.0,3,470,3,True,True,2,21
y3b4UJinRpphER,y3b4UJinRpphERpurple,purple,low,self,uneven,10.0,3,2850,581.0,39.0,581.0,39.0,10,513,39,True,True,16,53
y3b4UJinRpphER,y3b4UJinRpphERred,red,low,self,uneven,10.0,5,3151,522.0,53.0,522.0,53.0,16,474,53,True,True,10,39
yExSMPVAyBy9Yi,yExSMPVAyBy9Yipurple,purple,high,full,uneven,4.0,5,1248,462.0,1.0,894.0,2.0,2,485,15,True,False,0,0
yExSMPVAyBy9Yi,yExSMPVAyBy9Yired,red,high,full,uneven,4.0,3,478,547.5,0.0,1060.0,0.0,0,552,0,False,True,2,15
yGXf0uEtaQzN97,yGXf0uEtaQzN97purple,purple,low,self,uneven,3.0,5,2968,529.0,14.0,529.0,14.0,1,485,14,True,False,0,0
yGXf0uEtaQzN97,yGXf0uEtaQzN97red,red,low,self,uneven,3.0,3,2430,654.0,0.0,654.0,0.0,0,579,0,False,True,1,14
yJ1WHQ0RMpmLPq,yJ1WHQ0RMpmLPqpurple,purple,high,full,uneven,9.0,3,397,543.0,0.0,1081.0,0.0,0,607,0,False,True,1,11
yJ1WHQ0RMpmLPq,yJ1WHQ0RMpmLPqred,red,high,full,uneven,9.0,5,1223,457.0,11.0,899.0,22.0,1,476,11,True,False,0,0
yM7Mq6iCXeB9Sv,yM7Mq6iCXeB9Svpurple,purple,low,full,uneven,5.0,5,3081,532.0,0.0,532.0,0.0,0,468,0,False,False,0,0
yM7Mq6iCXeB9Sv,yM7Mq6iCXeB9Svred,red,low,full,uneven,5.0,3,2171,696.0,0.0,696.0,0.0,0,622,0,False,False,0,0
yNaS2Bq6dttKqL,yNaS2Bq6dttKqLpurple,purple,low,full,uneven,11.0,3,2328,626.0,0.0,626.0,0.0,0,587,0,False,True,3,22
yNaS2Bq6dttKqL,yNaS2Bq6dttKqLred,red,low,full,uneven,11.0,5,3071,534.0,22.0,534.0,22.0,3,484,22,True,False,0,0
yOIPc2hq9cwTcp,yOIPc2hq9cwTcppurple,purple,low,full,even,4.0,4,3012,552.0,0.0,552.0,0.0,0,484,0,False,False,0,0
yOIPc2hq9cwTcp,yOIPc2hq9cwTcpred,red,low,full,even,4.0,4,2650,602.0,0.0,602.0,0.0,0,536,0,False,False,0,0
yOY40J4qWxVxA1,yOY40J4qWxVxA1purple,purple,low,self,even,11.0,4,3006,537.0,0.0,537.0,0.0,0,496,0,False,False,0,0
yOY40J4qWxVxA1,yOY40J4qWxVxA1red,red,low,self,even,11.0,4,2945,561.0,0.0,561.0,0.0,0,500,0,False,False,0,0
yPQzz9iPJVUCQm,yPQzz9iPJVUCQmpurple,purple,high,full,uneven,12.0,3,151,620.5,0.0,1152.0,0.0,3,648,13,True,True,6,44
yPQzz9iPJVUCQm,yPQzz9iPJVUCQmred,red,high,full,uneven,12.0,5,1150,486.0,13.0,923.0,26.0,6,480,44,True,True,3,13
yoZ6vpODYaJIyo,yoZ6vpODYaJIyopurple,purple,low,full,uneven,11.0,5,3167,505.0,15.0,505.0,15.0,4,456,15,True,True,1,7
yoZ6vpODYaJIyo,yoZ6vpODYaJIyored,red,low,full,uneven,11.0,3,2574,619.0,7.0,619.0,7.0,1,549,7,True,True,4,15
yvS8lPfYPkwZyu,yvS8lPfYPkwZyupurple,purple,low,full,even,2.0,4,3132,533.0,9.0,533.0,9.0,1,482,9,True,True,1,8
yvS8lPfYPkwZyu,yvS8lPfYPkwZyured,red,low,full,even,2.0,4,2881,574.0,8.0,574.0,8.0,1,520,8,True,True,1,9
z0O7HwJVCNFeQW,z0O7HwJVCNFeQWpurple,purple,low,full,uneven,8.0,3,1997,713.0,0.0,713.0,0.0,0,642,0,False,False,0,0
z0O7HwJVCNFeQW,z0O7HwJVCNFeQWred,red,low,full,uneven,8.0,5,3246,511.0,0.0,511.0,0.0,0,444,0,False,False,0,0
z0X3T2CyienXi6,z0X3T2CyienXi6purple,purple,high,full,uneven,0.0,5,1247,455.0,14.0,895.0,28.0,8,507,32,True,False,0,0
z0X3T2CyienXi6,z0X3T2CyienXi6red,red,high,full,uneven,0.0,3,752,538.5,0.0,1004.0,0.0,0,537,0,False,True,8,32
z9iAhAIiy9Iuee,z9iAhAIiy9Iueepurple,purple,high,self,uneven,13.0,3,851,504.5,62.0,977.0,124.0,16,475,62,True,True,23,74
z9iAhAIiy9Iuee,z9iAhAIiy9Iueered,red,high,self,uneven,13.0,5,1184,465.5,73.0,916.0,146.0,23,458,74,True,True,16,62
zEsErbuvrMr0Hg,zEsErbuvrMr0Hgpurple,purple,low,self,uneven,6.0,5,3263,475.0,72.0,475.0,72.0,18,459,70,True,True,12,49
zEsErbuvrMr0Hg,zEsErbuvrMr0Hgred,red,low,self,uneven,6.0,3,2646,617.0,49.0,617.0,49.0,12,528,49,True,True,18,70
zJ3HGb5JBocd03,zJ3HGb5JBocd03purple,purple,high,self,uneven,13.0,3,580,528.0,66.0,1056.0,132.0,19,554,88,True,True,20,72
zJ3HGb5JBocd03,zJ3HGb5JBocd03red,red,high,self,uneven,13.0,5,1389,448.0,71.0,853.0,142.0,20,397,72,True,True,19,88
zNOjNV4uWPQlRp,zNOjNV4uWPQlRppurple,purple,low,self,even,6.0,4,3548,452.0,62.0,452.0,62.0,12,418,62,True,True,12,53
zNOjNV4uWPQlRp,zNOjNV4uWPQlRpred,red,low,self,even,6.0,4,3411,481.0,53.0,481.0,53.0,12,441,53,True,True,12,62
zRDK2ekdFueGoR,zRDK2ekdFueGoRpurple,purple,low,self,uneven,4.0,5,2735,585.0,142.0,585.0,142.0,31,548,142,True,True,20,99
zRDK2ekdFueGoR,zRDK2ekdFueGoRred,red,low,self,uneven,4.0,3,2779,562.0,101.0,562.0,101.0,20,458,99,True,True,31,142
zRNUjyaiWBgEP0,zRNUjyaiWBgEP0purple,purple,high,self,uneven,3.0,3,1181,460.0,62.0,905.0,124.0,14,448,62,True,True,25,130
zRNUjyaiWBgEP0,zRNUjyaiWBgEP0red,red,high,self,uneven,3.0,5,1112,461.0,104.0,922.0,208.0,25,537,130,True,True,14,62
